  0
SECTION
  2
HEADER
  9
$ACADVER
  1
AC1032
  9
$ACADMAINTVER
 90
      378
  9
$DWGCODEPAGE
  3
ANSI_1252
  9
$REQUIREDVERSIONS
160
                 0
  9
$INSBASE
 10
0.0
 20
0.0
 30
0.0
  9
$EXTMIN
 10
1.000000000000000E+20
 20
1.000000000000000E+20
 30
1.000000000000000E+20
  9
$EXTMAX
 10
-1.000000000000000E+20
 20
-1.000000000000000E+20
 30
-1.000000000000000E+20
  9
$LIMMIN
 10
0.0
 20
0.0
  9
$LIMMAX
 10
12.0
 20
9.0
  9
$ORTHOMODE
 70
     0
  9
$REGENMODE
 70
     1
  9
$FILLMODE
 70
     1
  9
$QTEXTMODE
 70
     0
  9
$MIRRTEXT
 70
     0
  9
$LTSCALE
 40
1.0
  9
$ATTMODE
 70
     1
  9
$TEXTSIZE
 40
0.2
  9
$TRACEWID
 40
0.05
  9
$TEXTSTYLE
  7
Standard
  9
$CLAYER
  8
0
  9
$CELTYPE
  6
ByLayer
  9
$CECOLOR
 62
   256
  9
$CELTSCALE
 40
1.0
  9
$DISPSILH
 70
     0
  9
$DIMSCALE
 40
1.0
  9
$DIMASZ
 40
0.18
  9
$DIMEXO
 40
0.0625
  9
$DIMDLI
 40
0.38
  9
$DIMRND
 40
0.0
  9
$DIMDLE
 40
0.0
  9
$DIMEXE
 40
0.18
  9
$DIMTP
 40
0.0
  9
$DIMTM
 40
0.0
  9
$DIMTXT
 40
0.18
  9
$DIMCEN
 40
0.09
  9
$DIMTSZ
 40
0.0
  9
$DIMTOL
 70
     0
  9
$DIMLIM
 70
     0
  9
$DIMTIH
 70
     1
  9
$DIMTOH
 70
     1
  9
$DIMSE1
 70
     0
  9
$DIMSE2
 70
     0
  9
$DIMTAD
 70
     0
  9
$DIMZIN
 70
     0
  9
$DIMBLK
  1

  9
$DIMASO
 70
     1
  9
$DIMSHO
 70
     1
  9
$DIMPOST
  1

  9
$DIMAPOST
  1

  9
$DIMALT
 70
     0
  9
$DIMALTD
 70
     2
  9
$DIMALTF
 40
25.4
  9
$DIMLFAC
 40
1.0
  9
$DIMTOFL
 70
     0
  9
$DIMTVP
 40
0.0
  9
$DIMTIX
 70
     0
  9
$DIMSOXD
 70
     0
  9
$DIMSAH
 70
     0
  9
$DIMBLK1
  1

  9
$DIMBLK2
  1

  9
$DIMSTYLE
  2
Standard
  9
$DIMCLRD
 70
     0
  9
$DIMCLRE
 70
     0
  9
$DIMCLRT
 70
     0
  9
$DIMTFAC
 40
1.0
  9
$DIMGAP
 40
0.09
  9
$DIMJUST
 70
     0
  9
$DIMSD1
 70
     0
  9
$DIMSD2
 70
     0
  9
$DIMTOLJ
 70
     1
  9
$DIMTZIN
 70
     0
  9
$DIMALTZ
 70
     0
  9
$DIMALTTZ
 70
     0
  9
$DIMUPT
 70
     0
  9
$DIMDEC
 70
     4
  9
$DIMTDEC
 70
     4
  9
$DIMALTU
 70
     2
  9
$DIMALTTD
 70
     2
  9
$DIMTXSTY
  7
Standard
  9
$DIMAUNIT
 70
     0
  9
$DIMADEC
 70
     0
  9
$DIMALTRND
 40
0.0
  9
$DIMAZIN
 70
     0
  9
$DIMDSEP
 70
    46
  9
$DIMATFIT
 70
     3
  9
$DIMFRAC
 70
     0
  9
$DIMLDRBLK
  1

  9
$DIMLUNIT
 70
     2
  9
$DIMLWD
 70
    -2
  9
$DIMLWE
 70
    -2
  9
$DIMTMOVE
 70
     0
  9
$DIMFXL
 40
1.0
  9
$DIMFXLON
 70
     0
  9
$DIMJOGANG
 40
0.7853981633974483
  9
$DIMTFILL
 70
     0
  9
$DIMTFILLCLR
 70
     0
  9
$DIMARCSYM
 70
     0
  9
$DIMLTYPE
  6

  9
$DIMLTEX1
  6

  9
$DIMLTEX2
  6

  9
$DIMTXTDIRECTION
 70
     0
  9
$LUNITS
 70
     2
  9
$LUPREC
 70
     4
  9
$SKETCHINC
 40
0.1
  9
$FILLETRAD
 40
0.0
  9
$AUNITS
 70
     0
  9
$AUPREC
 70
     0
  9
$MENU
  1
.
  9
$ELEVATION
 40
0.0
  9
$PELEVATION
 40
0.0
  9
$THICKNESS
 40
0.0
  9
$LIMCHECK
 70
     0
  9
$CHAMFERA
 40
0.0
  9
$CHAMFERB
 40
0.0
  9
$CHAMFERC
 40
0.0
  9
$CHAMFERD
 40
0.0
  9
$SKPOLY
 70
     0
  9
$TDCREATE
 40
2461126.638460648
  9
$TDUCREATE
 40
2461126.221793981
  9
$TDUPDATE
 40
2461126.638460648
  9
$TDUUPDATE
 40
2461126.221793981
  9
$TDINDWG
 40
0.0002777778
  9
$TDUSRTIMER
 40
0.0002777778
  9
$USRTIMER
 70
     1
  9
$ANGBASE
 50
0.0
  9
$ANGDIR
 70
     0
  9
$PDMODE
 70
     0
  9
$PDSIZE
 40
0.0
  9
$PLINEWID
 40
0.0
  9
$SPLFRAME
 70
     0
  9
$SPLINETYPE
 70
     6
  9
$SPLINESEGS
 70
     8
  9
$HANDSEED
  5
1FA
  9
$SURFTAB1
 70
     6
  9
$SURFTAB2
 70
     6
  9
$SURFTYPE
 70
     6
  9
$SURFU
 70
     6
  9
$SURFV
 70
     6
  9
$UCSBASE
  2

  9
$UCSNAME
  2

  9
$UCSORG
 10
0.0
 20
0.0
 30
0.0
  9
$UCSXDIR
 10
1.0
 20
0.0
 30
0.0
  9
$UCSYDIR
 10
0.0
 20
1.0
 30
0.0
  9
$UCSORTHOREF
  2

  9
$UCSORTHOVIEW
 70
     0
  9
$UCSORGTOP
 10
0.0
 20
0.0
 30
0.0
  9
$UCSORGBOTTOM
 10
0.0
 20
0.0
 30
0.0
  9
$UCSORGLEFT
 10
0.0
 20
0.0
 30
0.0
  9
$UCSORGRIGHT
 10
0.0
 20
0.0
 30
0.0
  9
$UCSORGFRONT
 10
0.0
 20
0.0
 30
0.0
  9
$UCSORGBACK
 10
0.0
 20
0.0
 30
0.0
  9
$PUCSBASE
  2

  9
$PUCSNAME
  2

  9
$PUCSORG
 10
0.0
 20
0.0
 30
0.0
  9
$PUCSXDIR
 10
1.0
 20
0.0
 30
0.0
  9
$PUCSYDIR
 10
0.0
 20
1.0
 30
0.0
  9
$PUCSORTHOREF
  2

  9
$PUCSORTHOVIEW
 70
     0
  9
$PUCSORGTOP
 10
0.0
 20
0.0
 30
0.0
  9
$PUCSORGBOTTOM
 10
0.0
 20
0.0
 30
0.0
  9
$PUCSORGLEFT
 10
0.0
 20
0.0
 30
0.0
  9
$PUCSORGRIGHT
 10
0.0
 20
0.0
 30
0.0
  9
$PUCSORGFRONT
 10
0.0
 20
0.0
 30
0.0
  9
$PUCSORGBACK
 10
0.0
 20
0.0
 30
0.0
  9
$USERI1
 70
     0
  9
$USERI2
 70
     0
  9
$USERI3
 70
     0
  9
$USERI4
 70
     0
  9
$USERI5
 70
     0
  9
$USERR1
 40
0.0
  9
$USERR2
 40
0.0
  9
$USERR3
 40
0.0
  9
$USERR4
 40
0.0
  9
$USERR5
 40
0.0
  9
$WORLDVIEW
 70
     1
  9
$SHADEDGE
 70
     3
  9
$SHADEDIF
 70
    70
  9
$TILEMODE
 70
     0
  9
$MAXACTVP
 70
    64
  9
$PINSBASE
 10
0.0
 20
0.0
 30
0.0
  9
$PLIMCHECK
 70
     0
  9
$PEXTMIN
 10
-0.1409142421657417
 20
-1.130697111676116
 30
0.0
  9
$PEXTMAX
 10
841.5195551164691
 20
597.7545197713411
 30
0.0
  9
$PLIMMIN
 10
0.0
 20
0.0
  9
$PLIMMAX
 10
12.0
 20
9.0
  9
$UNITMODE
 70
     0
  9
$VISRETAIN
 70
     1
  9
$PLINEGEN
 70
     0
  9
$PSLTSCALE
 70
     1
  9
$TREEDEPTH
 70
  3020
  9
$CMLSTYLE
  2
Standard
  9
$CMLJUST
 70
     0
  9
$CMLSCALE
 40
1.0
  9
$PROXYGRAPHICS
 70
     1
  9
$MEASUREMENT
 70
     1
  9
$CELWEIGHT
370
    -1
  9
$ENDCAPS
280
     0
  9
$JOINSTYLE
280
     0
  9
$LWDISPLAY
290
     0
  9
$INSUNITS
 70
     4
  9
$HYPERLINKBASE
  1

  9
$STYLESHEET
  1

  9
$XEDIT
290
     1
  9
$CEPSNTYPE
380
     0
  9
$PSTYLEMODE
290
     1
  9
$FINGERPRINTGUID
  2
{6ABCCE3D-1677-EC44-BAC5-55983E475437}
  9
$VERSIONGUID
  2
{E61A4666-4AD0-0A4E-980B-2CF67F71A1D4}
  9
$EXTNAMES
290
     1
  9
$PSVPSCALE
 40
0.0
  9
$OLESTARTUP
290
     0
  9
$SORTENTS
280
   127
  9
$INDEXCTL
280
     0
  9
$HIDETEXT
280
     1
  9
$XCLIPFRAME
280
     2
  9
$HALOGAP
280
     0
  9
$OBSCOLOR
 70
   257
  9
$OBSLTYPE
280
     0
  9
$INTERSECTIONDISPLAY
280
     0
  9
$INTERSECTIONCOLOR
 70
   257
  9
$DIMASSOC
280
     2
  9
$PROJECTNAME
  1

  9
$CAMERADISPLAY
290
     0
  9
$LENSLENGTH
 40
50.0
  9
$CAMERAHEIGHT
 40
0.0
  9
$STEPSPERSEC
 40
2.0
  9
$STEPSIZE
 40
6.0
  9
$3DDWFPREC
 40
2.0
  9
$PSOLWIDTH
 40
0.25
  9
$PSOLHEIGHT
 40
4.0
  9
$LOFTANG1
 40
1.570796326794896
  9
$LOFTANG2
 40
1.570796326794896
  9
$LOFTMAG1
 40
0.0
  9
$LOFTMAG2
 40
0.0
  9
$LOFTPARAM
 70
     7
  9
$LOFTNORMALS
280
     1
  9
$LATITUDE
 40
0.0
  9
$LONGITUDE
 40
0.0
  9
$NORTHDIRECTION
 40
0.0
  9
$TIMEZONE
 70
     0
  9
$LIGHTGLYPHDISPLAY
280
     1
  9
$TILEMODELIGHTSYNCH
280
     1
  9
$CMATERIAL
347
11
  9
$SOLIDHIST
280
     0
  9
$SHOWHIST
280
     1
  9
$DWFFRAME
280
     2
  9
$DGNFRAME
280
     0
  9
$REALWORLDSCALE
290
     1
  9
$INTERFERECOLOR
 62
     1
  9
$INTERFEREOBJVS
345
33
  9
$INTERFEREVPVS
346
30
  9
$CSHADOW
280
     0
  9
$SHADOWPLANELOCATION
 40
0.0
  0
ENDSEC
  0
SECTION
  2
CLASSES
  0
CLASS
  1
ACDBDICTIONARYWDFLT
  2
AcDbDictionaryWithDefault
  3
ObjectDBX Classes
 90
        0
 91
        1
280
     0
281
     0
  0
CLASS
  1
MATERIAL
  2
AcDbMaterial
  3
ObjectDBX Classes
 90
     1153
 91
        3
280
     0
281
     0
  0
CLASS
  1
VISUALSTYLE
  2
AcDbVisualStyle
  3
ObjectDBX Classes
 90
     4095
 91
       24
280
     0
281
     0
  0
CLASS
  1
SCALE
  2
AcDbScale
  3
ObjectDBX Classes
 90
     1153
 91
       17
280
     0
281
     0
  0
CLASS
  1
TABLESTYLE
  2
AcDbTableStyle
  3
ObjectDBX Classes
 90
     4095
 91
        1
280
     0
281
     0
  0
CLASS
  1
MLEADERSTYLE
  2
AcDbMLeaderStyle
  3
ACDB_MLEADERSTYLE_CLASS
 90
     4095
 91
        1
280
     0
281
     0
  0
CLASS
  1
ACDBSECTIONVIEWSTYLE
  2
AcDbSectionViewStyle
  3
ObjectDBX Classes
 90
     1025
 91
        1
280
     0
281
     0
  0
CLASS
  1
ACDBDETAILVIEWSTYLE
  2
AcDbDetailViewStyle
  3
ObjectDBX Classes
 90
     1025
 91
        1
280
     0
281
     0
  0
CLASS
  1
RASTERVARIABLES
  2
AcDbRasterVariables
  3
ISM
 90
        0
 91
        1
280
     0
281
     0
  0
CLASS
  1
DICTIONARYVAR
  2
AcDbDictionaryVar
  3
ObjectDBX Classes
 90
        0
 91
        5
280
     0
281
     0
  0
CLASS
  1
CELLSTYLEMAP
  2
AcDbCellStyleMap
  3
ObjectDBX Classes
 90
     1152
 91
        2
280
     0
281
     0
  0
CLASS
  1
IMAGEDEF
  2
AcDbRasterImageDef
  3
ISM
 90
        0
 91
        2
280
     0
281
     0
  0
CLASS
  1
IMAGE
  2
AcDbRasterImage
  3
ISM
 90
     2175
 91
        2
280
     0
281
     1
  0
CLASS
  1
IMAGEDEF_REACTOR
  2
AcDbRasterImageDefReactor
  3
ISM
 90
        1
 91
        2
280
     0
281
     0
  0
CLASS
  1
SORTENTSTABLE
  2
AcDbSortentsTable
  3
ObjectDBX Classes
 90
        0
 91
        1
280
     0
281
     0
  0
CLASS
  1
SUN
  2
AcDbSun
  3
SCENEOE
 90
     1153
 91
        1
280
     0
281
     0
  0
ENDSEC
  0
SECTION
  2
TABLES
  0
TABLE
  2
VPORT
  5
8
330
0
100
AcDbSymbolTable
 70
     1
  0
VPORT
  5
57
330
8
100
AcDbSymbolTableRecord
100
AcDbViewportTableRecord
  2
*Active
 70
     0
 10
0.0
 20
0.0
 11
1.0
 21
1.0
 12
0.0
 22
0.0
 13
0.0
 23
0.0
 14
1.0
 24
1.0
 15
0.0
 25
0.0
 16
0.0
 26
0.0
 36
1.0
 17
0.0
 27
0.0
 37
0.0
 40
2000000000.0
 41
1.0
 42
50.0
 43
0.0
 44
0.0
 50
0.0
 51
0.0
 71
     0
 72
  1000
 73
     1
 74
     1
 75
     0
 76
     0
 77
     0
 78
     0
281
     0
 65
     1
110
0.0
120
0.0
130
0.0
111
1.0
121
0.0
131
0.0
112
0.0
122
1.0
132
0.0
 79
     0
146
0.0
 60
     3
 61
     5
292
     1
282
     1
141
0.0
142
0.0
 63
   250
421
  3355443
361
1F6
  0
ENDTAB
  0
TABLE
  2
LTYPE
  5
5
330
0
100
AcDbSymbolTable
 70
     2
  0
LTYPE
  5
5B
330
5
100
AcDbSymbolTableRecord
100
AcDbLinetypeTableRecord
  2
ByBlock
 70
     0
  3

 72
    65
 73
     0
 40
0.0
  0
LTYPE
  5
5C
330
5
100
AcDbSymbolTableRecord
100
AcDbLinetypeTableRecord
  2
ByLayer
 70
     0
  3

 72
    65
 73
     0
 40
0.0
  0
LTYPE
  5
5D
330
5
100
AcDbSymbolTableRecord
100
AcDbLinetypeTableRecord
  2
Continuous
 70
     0
  3
Solid line
 72
    65
 73
     0
 40
0.0
  0
LTYPE
  5
84
330
5
100
AcDbSymbolTableRecord
100
AcDbLinetypeTableRecord
  2
Aligning Line
 70
     0
  3

 72
    65
 73
     2
 40
3.2004
 49
1.6002
 74
     0
 49
-1.6002
 74
     0
  0
ENDTAB
  0
TABLE
  2
LAYER
  5
2
330
0
100
AcDbSymbolTable
 70
    11
  0
LAYER
  5
54
330
2
100
AcDbSymbolTableRecord
100
AcDbLayerTableRecord
  2
0
 70
     0
 62
     7
  6
Continuous
370
    -3
390
F
347
21
348
0
  0
LAYER
  5
85
330
2
100
AcDbSymbolTableRecord
100
AcDbLayerTableRecord
  2
G-ANNO-REFR
 70
     0
 62
     1
  6
Aligning Line
370
    18
390
F
347
21
348
0
  0
LAYER
  5
8D
330
2
100
AcDbSymbolTableRecord
100
AcDbLayerTableRecord
  2
G-ANNO-NPLT
 70
     0
 62
   191
  6
Continuous
290
     0
370
    -3
390
F
347
21
348
0
  0
LAYER
  5
93
330
2
100
AcDbSymbolTableRecord
100
AcDbLayerTableRecord
  2
A-DETL
 70
     0
 62
    90
  6
Continuous
370
    30
390
F
347
21
348
0
  0
LAYER
  5
94
330
2
100
AcDbSymbolTableRecord
100
AcDbLayerTableRecord
  2
G-ANNO-TTLB
 70
     0
 62
     6
  6
Continuous
370
    30
390
F
347
21
348
0
  0
LAYER
  5
AB
330
2
100
AcDbSymbolTableRecord
100
AcDbLayerTableRecord
  2
G-ANNO-TEXT
 70
     0
 62
   231
  6
Continuous
370
    30
390
F
347
21
348
0
  0
LAYER
  5
D9
330
2
100
AcDbSymbolTableRecord
100
AcDbLayerTableRecord
  2
G-ANNO-SCHD
 70
     0
 62
   231
  6
Continuous
370
    30
390
F
347
21
348
0
  0
LAYER
  5
FA
330
2
100
AcDbSymbolTableRecord
100
AcDbLayerTableRecord
  2
A-ANNO-NOTE
 70
     0
 62
   131
  6
Continuous
370
    30
390
F
347
21
348
0
  0
LAYER
  5
112
330
2
100
AcDbSymbolTableRecord
100
AcDbLayerTableRecord
  2
A-ANNO-DIMS
 70
     0
 62
   211
  6
Continuous
370
    30
390
F
347
21
348
0
  0
LAYER
  5
114
330
2
100
AcDbSymbolTableRecord
100
AcDbLayerTableRecord
  2
A-ANNO-DIMS-1
 70
     0
 62
   211
  6
Continuous
370
    30
390
F
347
21
348
0
  0
LAYER
  5
12E
330
2
100
AcDbSymbolTableRecord
100
AcDbLayerTableRecord
  2
Defpoints
 70
     0
 62
     7
  6
Continuous
290
     0
370
    -3
390
F
347
21
348
0
  0
ENDTAB
  0
TABLE
  2
STYLE
  5
3
330
0
100
AcDbSymbolTable
 70
    12
  0
STYLE
  5
55
330
3
100
AcDbSymbolTableRecord
100
AcDbTextStyleTableRecord
  2
Standard
 70
     0
 40
0.0
 41
1.0
 50
0.0
 71
     0
 42
0.2
  3
txt
  4

  0
STYLE
  5
5A
330
3
100
AcDbSymbolTableRecord
100
AcDbTextStyleTableRecord
  2
Annotative
 70
     0
 40
0.0
 41
1.0
 50
0.0
 71
     0
 42
0.2
  3
txt
  4

1001
AcadAnnotative
1000
AnnotativeData
1002
{
1070
     1
1070
     1
1002
}
  0
STYLE
  5
A5
330
3
100
AcDbSymbolTableRecord
100
AcDbTextStyleTableRecord
  2
Arial
 70
     0
 40
2.0
 41
0.8
 50
0.0
 71
     0
 42
0.2
  3
arial.ttf
  4

1001
ACAD
1000
Arial
1071
       34
  0
STYLE
  5
A8
330
3
100
AcDbSymbolTableRecord
100
AcDbTextStyleTableRecord
  2
Arial_1
 70
     0
 40
3.5
 41
0.8
 50
0.0
 71
     0
 42
0.2
  3
arial.ttf
  4

1001
ACAD
1000
Arial
1071
       34
  0
STYLE
  5
B5
330
3
100
AcDbSymbolTableRecord
100
AcDbTextStyleTableRecord
  2
Arial_2
 70
     0
 40
5.0
 41
0.8
 50
0.0
 71
     0
 42
0.2
  3
arial.ttf
  4

1001
ACAD
1000
Arial
1071
       34
  0
STYLE
  5
B7
330
3
100
AcDbSymbolTableRecord
100
AcDbTextStyleTableRecord
  2
Arial_3
 70
     0
 40
2.5
 41
0.8
 50
0.0
 71
     0
 42
0.2
  3
arial.ttf
  4

1001
ACAD
1000
Arial
1071
       34
  0
STYLE
  5
F0
330
3
100
AcDbSymbolTableRecord
100
AcDbTextStyleTableRecord
  2
Arial_4
 70
     0
 40
2.999999999999999
 41
0.8
 50
0.0
 71
     0
 42
0.2
  3
arial.ttf
  4

1001
ACAD
1000
Arial
1071
       34
  0
STYLE
  5
10D
330
3
100
AcDbSymbolTableRecord
100
AcDbTextStyleTableRecord
  2
Arial_B
 70
     0
 40
3.5
 41
1.0
 50
0.0
 71
     0
 42
0.2
  3
arialbd.ttf
  4

1001
ACAD
1000
Arial
1071
 33554466
  0
STYLE
  5
123
330
3
100
AcDbSymbolTableRecord
100
AcDbTextStyleTableRecord
  2
Arial_5
 70
     0
 40
2.38125
 41
1.0
 50
0.0
 71
     0
 42
0.2
  3
arial.ttf
  4

1001
ACAD
1000
Arial
1071
       34
  0
STYLE
  5
13B
330
3
100
AcDbSymbolTableRecord
100
AcDbTextStyleTableRecord
  2
Arial Narrow_B
 70
     0
 40
7.5
 41
1.0
 50
0.0
 71
     0
 42
0.2
  3
ARIALNB.TTF
  4

1001
ACAD
1000
Arial Narrow
1071
 33554466
  0
STYLE
  5
1DE
330
3
100
AcDbSymbolTableRecord
100
AcDbTextStyleTableRecord
  2
Arial_B_1
 70
     0
 40
2.0
 41
0.8
 50
0.0
 71
     0
 42
0.2
  3
arialbd.ttf
  4

1001
ACAD
1000
Arial
1071
 33554466
  0
STYLE
  5
1E9
330
3
100
AcDbSymbolTableRecord
100
AcDbTextStyleTableRecord
  2
Arial Narrow_B_1
 70
     0
 40
75.0
 41
1.0
 50
0.0
 71
     0
 42
0.2
  3
ARIALNB.TTF
  4

1001
ACAD
1000
Arial Narrow
1071
 33554466
  0
ENDTAB
  0
TABLE
  2
VIEW
  5
6
330
0
100
AcDbSymbolTable
 70
     0
  0
ENDTAB
  0
TABLE
  2
UCS
  5
7
330
0
100
AcDbSymbolTable
 70
     0
  0
ENDTAB
  0
TABLE
  2
APPID
  5
9
330
0
100
AcDbSymbolTable
 70
     3
  0
APPID
  5
56
330
9
100
AcDbSymbolTableRecord
100
AcDbRegAppTableRecord
  2
ACAD
 70
     0
  0
APPID
  5
5E
330
9
100
AcDbSymbolTableRecord
100
AcDbRegAppTableRecord
  2
AcadAnnotative
 70
     0
  0
APPID
  5
78
330
9
100
AcDbSymbolTableRecord
100
AcDbRegAppTableRecord
  2
REVIT
 70
     0
  0
ENDTAB
  0
TABLE
  2
DIMSTYLE
  5
A
330
0
100
AcDbSymbolTable
 70
     3
100
AcDbDimStyleTable
 71
     2
340
128
340
58
  0
DIMSTYLE
105
58
330
A
100
AcDbSymbolTableRecord
100
AcDbDimStyleTableRecord
  2
Standard
 70
     0
340
55
  0
DIMSTYLE
105
59
330
A
100
AcDbSymbolTableRecord
100
AcDbDimStyleTableRecord
  2
Annotative
 70
     0
340
55
1001
AcadAnnotative
1000
AnnotativeData
1002
{
1070
     1
1070
     1
1002
}
  0
DIMSTYLE
105
128
102
{ACAD_REACTORS
330
12D
102
}
330
A
100
AcDbSymbolTableRecord
100
AcDbDimStyleTableRecord
  2
Linear
 70
     0
  3
<>
 40
304.8
 41
0.0104166666666667
 42
0.0052083333333333
 44
0.0078125
 69
     1
 73
     0
 74
     0
 77
     1
 90
        2
140
2.429492696147534
145
1.0
147
0.0026041666666667
172
     1
173
     1
179
     2
271
     0
279
     2
288
     1
289
     1
340
123
343
129
344
129
  0
ENDTAB
  0
TABLE
  2
BLOCK_RECORD
  5
1
330
0
100
AcDbSymbolTable
 70
     5
  0
BLOCK_RECORD
  5
70
102
{ACAD_XDICTIONARY
360
1F4
102
}
330
1
100
AcDbSymbolTableRecord
100
AcDbBlockTableRecord
  2
*Model_Space
340
73
 70
     0
280
     1
281
     0
  0
BLOCK_RECORD
  5
6C
330
1
100
AcDbSymbolTableRecord
100
AcDbBlockTableRecord
  2
*Paper_Space
340
6F
 70
     0
280
     1
281
     0
  0
BLOCK_RECORD
  5
74
330
1
100
AcDbSymbolTableRecord
100
AcDbBlockTableRecord
  2
*Paper_Space0
340
77
 70
     0
280
     1
281
     0
  0
BLOCK_RECORD
  5
FB
330
1
100
AcDbSymbolTableRecord
100
AcDbBlockTableRecord
  2
Nested - Std North Point - A1-2355660-PTG - Horizontal
340
0
102
{BLKREFS
331
111
102
}
 70
     0
280
     1
281
     0
  0
BLOCK_RECORD
  5
129
330
1
100
AcDbSymbolTableRecord
100
AcDbBlockTableRecord
  2
_Oblique
340
0
102
{BLKREFS
102
}
 70
     0
280
     1
281
     0
  0
BLOCK_RECORD
  5
12F
330
1
100
AcDbSymbolTableRecord
100
AcDbBlockTableRecord
  2
DIMBLOCK1-PTG - Horizontal
340
0
 70
     0
280
     1
281
     0
  0
ENDTAB
  0
ENDSEC
  0
SECTION
  2
BLOCKS
  0
BLOCK
  5
71
330
70
100
AcDbEntity
  8
0
100
AcDbBlockBegin
  2
*Model_Space
 70
     0
 10
0.0
 20
0.0
 30
0.0
  3
*Model_Space
  1

  0
ENDBLK
  5
72
330
70
100
AcDbEntity
  8
0
100
AcDbBlockEnd
  0
BLOCK
  5
6D
330
6C
100
AcDbEntity
 67
     1
  8
0
100
AcDbBlockBegin
  2
*Paper_Space
 70
     0
 10
0.0
 20
0.0
 30
0.0
  3
*Paper_Space
  1

  0
ENDBLK
  5
6E
330
6C
100
AcDbEntity
 67
     1
  8
0
100
AcDbBlockEnd
  0
BLOCK
  5
75
330
74
100
AcDbEntity
 67
     1
  8
0
100
AcDbBlockBegin
  2
*Paper_Space0
 70
     0
 10
0.0
 20
0.0
 30
0.0
  3
*Paper_Space0
  1

  0
ENDBLK
  5
76
330
74
100
AcDbEntity
 67
     1
  8
0
100
AcDbBlockEnd
  0
BLOCK
  5
10F
330
FB
100
AcDbEntity
  8
0
100
AcDbBlockBegin
  2
Nested - Std North Point - A1-2355660-PTG - Horizontal
 70
     0
 10
0.0
 20
0.0
 30
0.0
  3
Nested - Std North Point - A1-2355660-PTG - Horizontal
  1

  0
LINE
  5
FC
330
FB
100
AcDbEntity
  8
A-ANNO-NOTE
370
    90
100
AcDbLine
 10
-12.0
 20
0.0000000000000388
 30
0.0
 11
12.0
 21
-0.0000000000000388
 31
0.0
1001
REVIT
1002
{
1070
     1
1000
2355661
1002
}
1002
{
1070
     5
1000
2355660
1002
}
1002
{
1070
     3
1000
2352707
1002
}
  0
LINE
  5
FD
330
FB
100
AcDbEntity
  8
A-ANNO-NOTE
370
    90
100
AcDbLine
 10
-0.0000000000000555
 20
-12.0
 30
0.0
 11
-0.0000000000000167
 21
12.0
 31
0.0
1001
REVIT
1002
{
1070
     1
1000
2355661
1002
}
1002
{
1070
     5
1000
2355660
1002
}
1002
{
1070
     3
1000
2352707
1002
}
  0
LINE
  5
FE
330
FB
100
AcDbEntity
  8
A-ANNO-NOTE
370
    90
100
AcDbLine
 10
-0.0000000000000555
 20
-12.0
 30
0.0
 11
0.0000000000000288
 21
-14.0
 31
0.0
1001
REVIT
1002
{
1070
     1
1000
2355661
1002
}
1002
{
1070
     5
1000
2355660
1002
}
1002
{
1070
     3
1000
2352707
1002
}
  0
LINE
  5
FF
330
FB
100
AcDbEntity
  8
A-ANNO-NOTE
370
    90
100
AcDbLine
 10
0.0000000000000194
 20
12.0
 30
0.0
 11
0.0000000000000028
 21
14.0
 31
0.0
1001
REVIT
1002
{
1070
     1
1000
2355661
1002
}
1002
{
1070
     5
1000
2355660
1002
}
1002
{
1070
     3
1000
2352707
1002
}
  0
LINE
  5
100
330
FB
100
AcDbEntity
  8
A-ANNO-NOTE
370
    90
100
AcDbLine
 10
12.0
 20
-0.0000000000000775
 30
0.0
 11
14.0
 21
-0.0000000000000312
 31
0.0
1001
REVIT
1002
{
1070
     1
1000
2355661
1002
}
1002
{
1070
     5
1000
2355660
1002
}
1002
{
1070
     3
1000
2352707
1002
}
  0
LINE
  5
101
330
FB
100
AcDbEntity
  8
A-ANNO-NOTE
370
    90
100
AcDbLine
 10
-12.0
 20
0.0000000000000388
 30
0.0
 11
-14.0
 21
-0.0000000000000104
 31
0.0
1001
REVIT
1002
{
1070
     1
1000
2355661
1002
}
1002
{
1070
     5
1000
2355660
1002
}
1002
{
1070
     3
1000
2352707
1002
}
  0
CIRCLE
  5
102
330
FB
100
AcDbEntity
  8
A-ANNO-NOTE
370
    90
100
AcDbCircle
 10
0.0000000000000004
 20
-0.0000000000000004
 30
0.0
 40
10.50000000000001
1001
REVIT
1002
{
1070
     1
1000
2355661
1002
}
1002
{
1070
     5
1000
2355660
1002
}
1002
{
1070
     3
1000
2352707
1002
}
  0
CIRCLE
  5
103
330
FB
100
AcDbEntity
  8
A-ANNO-NOTE
370
    90
100
AcDbCircle
 10
0.0
 20
0.0
 30
0.0
 40
12.00000000000001
1001
REVIT
1002
{
1070
     1
1000
2355661
1002
}
1002
{
1070
     5
1000
2355660
1002
}
1002
{
1070
     3
1000
2352707
1002
}
  0
HATCH
  5
108
330
FB
100
AcDbEntity
  8
A-ANNO-NOTE
100
AcDbHatch
 10
0.0
 20
0.0
 30
0.0
210
0.0
220
0.0
230
1.0
  2
SOLID
 70
     1
 71
     0
 91
        1
 92
        1
 93
        4
 72
     1
 10
-0.9999999999999806
 20
12.0
 11
1.000000000000021
 21
11.99999999999999
 72
     1
 10
1.000000000000021
 20
11.99999999999999
 11
0.9999999999999998
 21
-0.0000000000000036
 72
     1
 10
1.0
 20
-0.0000000000000042
 11
-1.0
 21
0.0000000000000021
 72
     1
 10
-1.0
 20
0.0000000000000021
 11
-0.9999999999999806
 21
12.0
 97
        0
 75
     0
 76
     1
 98
        1
 10
0.0
 20
0.0
450
        0
451
        0
460
0.0
461
0.0
452
        0
462
0.0
453
        0
470

1001
REVIT
1002
{
1070
     1
1000
2355661
1002
}
1002
{
1070
     5
1000
2355660
1002
}
  0
LINE
  5
109
330
FB
100
AcDbEntity
  8
A-ANNO-NOTE
100
AcDbLine
 10
-0.9999999999999806
 20
12.0
 30
0.0
 11
-1.0
 21
0.0000000000000021
 31
0.0
1001
REVIT
1002
{
1070
     1
1000
2355661
1002
}
1002
{
1070
     5
1000
2355660
1002
}
  0
LINE
  5
10A
330
FB
100
AcDbEntity
  8
A-ANNO-NOTE
100
AcDbLine
 10
-1.0
 20
0.0000000000000021
 30
0.0
 11
1.0
 21
-0.0000000000000042
 31
0.0
1001
REVIT
1002
{
1070
     1
1000
2355661
1002
}
1002
{
1070
     5
1000
2355660
1002
}
  0
LINE
  5
10B
330
FB
100
AcDbEntity
  8
A-ANNO-NOTE
100
AcDbLine
 10
0.9999999999999998
 20
-0.0000000000000042
 30
0.0
 11
1.000000000000021
 21
11.99999999999999
 31
0.0
1001
REVIT
1002
{
1070
     1
1000
2355661
1002
}
1002
{
1070
     5
1000
2355660
1002
}
  0
LINE
  5
10C
330
FB
100
AcDbEntity
  8
A-ANNO-NOTE
100
AcDbLine
 10
1.000000000000021
 20
11.99999999999999
 30
0.0
 11
-0.9999999999999806
 21
12.0
 31
0.0
1001
REVIT
1002
{
1070
     1
1000
2355661
1002
}
1002
{
1070
     5
1000
2355660
1002
}
  0
MTEXT
  5
10E
330
FB
100
AcDbEntity
  8
A-ANNO-NOTE
370
    50
100
AcDbMText
 10
-1.660624869588172
 20
17.97913149528417
 30
0.0
 40
3.5
 41
4.329112499999999
 46
0.0
 71
     1
 72
     1
  1
\fArial|b1|i0|c0|p34|;N
  7
Arial_B
 73
     2
 44
1.0
1001
REVIT
1002
{
1070
     1
1000
2355661
1002
}
1002
{
1070
     5
1000
2355660
1002
}
  0
ENDBLK
  5
110
330
FB
100
AcDbEntity
  8
0
100
AcDbBlockEnd
  0
BLOCK
  5
12B
330
129
100
AcDbEntity
  8
0
100
AcDbBlockBegin
  2
_Oblique
 70
     0
 10
0.0
 20
0.0
 30
0.0
  3
_Oblique
  1

  0
LINE
  5
12A
330
129
100
AcDbEntity
  8
0
  6
ByBlock
 62
     0
370
    -2
100
AcDbLine
 10
-0.5
 20
-0.5
 30
0.0
 11
0.5
 21
0.5
 31
0.0
  0
ENDBLK
  5
12C
330
129
100
AcDbEntity
  8
0
100
AcDbBlockEnd
  0
BLOCK
  5
126
330
12F
100
AcDbEntity
  8
0
100
AcDbBlockBegin
  2
DIMBLOCK1-PTG - Horizontal
 70
     0
 10
0.0
 20
0.0
 30
0.0
  3
DIMBLOCK1-PTG - Horizontal
  1

  0
LINE
  5
115
330
12F
100
AcDbEntity
  8
A-ANNO-DIMS-1
100
AcDbLine
 10
558.2566207046203
 20
35.7412970401454
 30
0.0
 11
559.3791527197539
 21
33.79701455681126
 31
0.0
1001
REVIT
1002
{
1070
     1
1000
2355662
1002
}
1002
{
1070
     5
1000
2355425
1002
}
1002
{
1070
     2
1000
-2000260
1002
}
  0
LINE
  5
116
330
12F
100
AcDbEntity
  8
A-ANNO-DIMS-1
100
AcDbLine
 10
558.2566207046203
 20
35.7412970401454
 30
0.0
 11
557.1340886894867
 21
33.79701455681126
 31
0.0
1001
REVIT
1002
{
1070
     1
1000
2355662
1002
}
1002
{
1070
     5
1000
2355425
1002
}
1002
{
1070
     2
1000
-2000260
1002
}
  0
LINE
  5
117
330
12F
100
AcDbEntity
  8
A-ANNO-DIMS-1
100
AcDbLine
 10
558.2566207046203
 20
35.7412970401454
 30
0.0
 11
558.2566207046203
 21
31.25116897961083
 31
0.0
1001
REVIT
1002
{
1070
     1
1000
2355662
1002
}
1002
{
1070
     5
1000
2355425
1002
}
1002
{
1070
     2
1000
-2000260
1002
}
  0
LINE
  5
118
330
12F
100
AcDbEntity
  8
A-ANNO-DIMS-1
100
AcDbLine
 10
558.2566207046203
 20
35.08373300987812
 30
0.0
 11
557.1340886894867
 21
37.02801549321226
 31
0.0
1001
REVIT
1002
{
1070
     1
1000
2355662
1002
}
1002
{
1070
     5
1000
2355425
1002
}
1002
{
1070
     2
1000
-2000260
1002
}
  0
LINE
  5
119
330
12F
100
AcDbEntity
  8
A-ANNO-DIMS-1
100
AcDbLine
 10
558.2566207046203
 20
35.08373300987812
 30
0.0
 11
559.3791527197539
 21
37.02801549321226
 31
0.0
1001
REVIT
1002
{
1070
     1
1000
2355662
1002
}
1002
{
1070
     5
1000
2355425
1002
}
1002
{
1070
     2
1000
-2000260
1002
}
  0
LINE
  5
11A
330
12F
100
AcDbEntity
  8
A-ANNO-DIMS-1
100
AcDbLine
 10
558.2566207046203
 20
35.08373300987812
 30
0.0
 11
558.2566207046203
 21
39.57386107041269
 31
0.0
1001
REVIT
1002
{
1070
     1
1000
2355662
1002
}
1002
{
1070
     5
1000
2355425
1002
}
1002
{
1070
     2
1000
-2000260
1002
}
  0
LINE
  5
11B
330
12F
100
AcDbEntity
  8
A-ANNO-DIMS-1
370
    50
100
AcDbLine
 10
0.0
 20
0.0
 30
0.0
 11
-1.67973142574744
 21
1.489568674937974
 31
0.0
1001
REVIT
1002
{
1070
     1
1000
2355662
1002
}
1002
{
1070
     5
1000
2355425
1002
}
1002
{
1070
     2
1000
-2000260
1002
}
  0
LINE
  5
11C
330
12F
100
AcDbEntity
  8
A-ANNO-DIMS-1
370
    50
100
AcDbLine
 10
0.0
 20
0.0
 30
0.0
 11
1.67973142574744
 21
-1.489568674937974
 31
0.0
1001
REVIT
1002
{
1070
     1
1000
2355662
1002
}
1002
{
1070
     5
1000
2355425
1002
}
1002
{
1070
     2
1000
-2000260
1002
}
  0
LINE
  5
11D
330
12F
100
AcDbEntity
  8
A-ANNO-DIMS-1
100
AcDbLine
 10
0.0
 20
0.0
 30
0.0
 11
-2.37697507551406
 21
-0.1426220631071015
 31
0.0
1001
REVIT
1002
{
1070
     1
1000
2355662
1002
}
1002
{
1070
     5
1000
2355425
1002
}
1002
{
1070
     2
1000
-2000260
1002
}
  0
LINE
  5
11E
330
12F
100
AcDbEntity
  8
A-ANNO-DIMS-1
100
AcDbLine
 10
0.0
 20
0.0
 30
0.0
 11
537.6507111675254
 21
33.40115163447358
 31
0.0
1001
REVIT
1002
{
1070
     1
1000
2355662
1002
}
1002
{
1070
     5
1000
2355425
1002
}
1002
{
1070
     2
1000
-2000260
1002
}
  0
LINE
  5
11F
330
12F
100
AcDbEntity
  8
A-ANNO-DIMS-1
370
    50
100
AcDbLine
 10
0.0
 20
0.0
 30
0.0
 11
-1.67973142574744
 21
1.489568674937974
 31
0.0
1001
REVIT
1002
{
1070
     1
1000
2355662
1002
}
1002
{
1070
     5
1000
2355425
1002
}
1002
{
1070
     2
1000
-2000260
1002
}
  0
LINE
  5
120
330
12F
100
AcDbEntity
  8
A-ANNO-DIMS-1
370
    50
100
AcDbLine
 10
0.0
 20
0.0
 30
0.0
 11
1.67973142574744
 21
-1.489568674937974
 31
0.0
1001
REVIT
1002
{
1070
     1
1000
2355662
1002
}
1002
{
1070
     5
1000
2355425
1002
}
1002
{
1070
     2
1000
-2000260
1002
}
  0
LINE
  5
121
330
12F
100
AcDbEntity
  8
A-ANNO-DIMS-1
100
AcDbLine
 10
0.0
 20
0.0
 30
0.0
 11
-2.37697507551406
 21
-0.1426220631071015
 31
0.0
1001
REVIT
1002
{
1070
     1
1000
2355662
1002
}
1002
{
1070
     5
1000
2355425
1002
}
1002
{
1070
     2
1000
-2000260
1002
}
  0
LINE
  5
122
330
12F
100
AcDbEntity
  8
A-ANNO-DIMS-1
100
AcDbLine
 10
0.0
 20
0.0
 30
0.0
 11
542.6719706542776
 21
33.40115163447347
 31
0.0
1001
REVIT
1002
{
1070
     1
1000
2355662
1002
}
1002
{
1070
     5
1000
2355425
1002
}
1002
{
1070
     2
1000
-2000260
1002
}
  0
MTEXT
  5
124
330
12F
100
AcDbEntity
  8
A-ANNO-DIMS-1
 62
     0
100
AcDbMText
 10
540.7034069042842
 20
15.98166039102762
 30
0.0
 40
2.38125
 41
45.07643371621426
 46
0.0
 71
     1
 72
     1
  1
North Point Angle = 0.00°
  7
Arial_5
 11
0.0
 21
1.0
 31
0.0
 73
     2
 44
0.9417779076525876
 90
        3
 63
     9
421
 13158600
 45
1.25
441
        0
1001
REVIT
1002
{
1070
     1
1000
2355662
1002
}
1002
{
1070
     5
1000
2355425
1002
}
1002
{
1070
     2
1000
-2000260
1002
}
  0
ENDBLK
  5
127
330
12F
100
AcDbEntity
  8
0
100
AcDbBlockEnd
  0
ENDSEC
  0
SECTION
  2
ENTITIES
  0
IMAGE
  5
88
330
6C
100
AcDbEntity
 67
     1
  8
G-ANNO-REFR
160
               140
310
8C000000010000008400000006000000050000001967D3B93EDB7740C9B3F1EFD0EC404000000000000000001967D3B93EDB77405C6636DF930E4E400000000000000000B8DFA509C9317B405C6636DF930E4E400000000000000000B8DFA509C9317B40C9B3F1EFD0EC404000000000000000001967D3B93EDB7740C9B3F1
310
EFD0EC40400000000000000000
100
AcDbRasterImage
 90
        0
 10
381.702813936035
 20
33.8501262598216
 30
0.0
 11
0.0133521918826468
 21
0.0
 31
0.0
 12
0.0
 22
0.0133521918826468
 32
0.0
 13
4000.0
 23
1967.0
340
87
 70
     7
280
     0
281
    50
282
    50
283
     0
290
     0
360
89
 71
     1
 91
        2
 14
-0.5
 24
-0.5
 14
3999.5
 24
1966.5
1001
REVIT
1002
{
1070
     1
1000
2355852
1002
}
1002
{
1070
     5
1000
2352732
1002
}
1002
{
1070
     2
1000
-2000560
1002
}
  0
IMAGE
  5
8B
330
6C
100
AcDbEntity
 67
     1
  8
G-ANNO-REFR
160
               140
310
8C000000010000008400000006000000050000008ACBE82EB3997240ED9240FA8C24344000000000000000008ACBE82EB39972401108EC25C166494000000000000000002E2B21ADCE6177401108EC25C166494000000000000000002E2B21ADCE617740ED9240FA8C24344000000000000000008ACBE82EB3997240ED9240
310
FA8C2434400000000000000000
100
AcDbRasterImage
 90
        0
 10
297.6062459081228
 20
20.14277614666474
 30
0.0
 11
0.2865419931454939
 21
0.0
 31
0.0
 12
0.0
 22
0.2865419931454938
 32
0.0
 13
267.0
 23
107.0
340
8A
 70
     7
280
     0
281
    50
282
    50
283
     0
290
     0
360
8C
 71
     1
 91
        2
 14
-0.5
 24
-0.5
 14
266.5
 24
106.5
1001
REVIT
1002
{
1070
     1
1000
2356528
1002
}
1002
{
1070
     5
1000
2356527
1002
}
1002
{
1070
     2
1000
-2000560
1002
}
  0
VIEWPORT
  5
8E
330
6C
100
AcDbEntity
 67
     1
  8
G-ANNO-NPLT
100
AcDbViewport
 10
420.6893204371517
 20
298.3119113298325
 30
0.0
 40
841.6604693586348
 41
598.8852168830172
 68
    -1
 69
     2
 12
420.6893204371517
 22
298.3119113298325
 13
0.0
 23
0.0
 14
0.0
 24
0.0
 15
0.0
 25
0.0
 16
0.0
 26
0.0
 36
1.0
 17
0.0
 27
0.0
 37
0.0
 42
0.0
 43
0.0
 44
0.0
 45
598.8852168830172
 50
0.0
 51
0.0
 72
  1000
 90
    32768
  1

281
     0
 71
     1
 74
     1
110
0.0
120
0.0
130
0.0
111
1.0
121
0.0
131
0.0
112
0.0
122
1.0
132
0.0
 79
     0
146
0.0
170
     0
 61
     5
292
     1
282
     1
141
0.0
142
0.0
 63
   250
421
  3355443
  0
VIEWPORT
  5
90
330
6C
100
AcDbEntity
 67
     1
  8
0
100
AcDbViewport
 10
6.0
 20
4.5
 30
0.0
 40
12.0
 41
9.0
 68
    -1
 69
     1
 12
6.0
 22
4.5
 13
0.0
 23
0.0
 14
0.0
 24
0.0
 15
0.0
 25
0.0
 16
0.0
 26
0.0
 36
1.0
 17
0.0
 27
0.0
 37
0.0
 42
50.0
 43
0.0
 44
0.0
 45
12.0
 50
0.0
 51
0.0
 72
   100
 90
    32800
  1

281
     0
 71
     1
 74
     1
110
0.0
120
0.0
130
0.0
111
1.0
121
0.0
131
0.0
112
0.0
122
1.0
132
0.0
 79
     0
146
0.0
170
     0
 61
     5
292
     1
282
     1
141
0.0
142
0.0
 63
   250
421
  3355443
  0
LINE
  5
95
330
6C
100
AcDbEntity
 67
     1
  8
G-ANNO-TTLB
100
AcDbLine
 10
11.85908575783599
 20
10.86930288833604
 30
0.0
 11
828.8590857578338
 21
10.86930288833604
 31
0.0
1001
REVIT
1002
{
1070
     1
1000
2355367
1002
}
1002
{
1070
     2
1000
-2000280
1002
}
1002
{
1070
     3
1000
2352700
1002
}
  0
LINE
  5
96
330
6C
100
AcDbEntity
 67
     1
  8
G-ANNO-TTLB
100
AcDbLine
 10
828.8590857578338
 20
10.86930288833604
 30
0.0
 11
828.8590857578338
 21
580.8693028883324
 31
0.0
1001
REVIT
1002
{
1070
     1
1000
2355368
1002
}
1002
{
1070
     2
1000
-2000280
1002
}
1002
{
1070
     3
1000
2352700
1002
}
  0
LINE
  5
97
330
6C
100
AcDbEntity
 67
     1
  8
G-ANNO-TTLB
100
AcDbLine
 10
828.8590857578338
 20
580.8693028883324
 30
0.0
 11
11.85908575783599
 21
580.8693028883324
 31
0.0
1001
REVIT
1002
{
1070
     1
1000
2355369
1002
}
1002
{
1070
     2
1000
-2000280
1002
}
1002
{
1070
     3
1000
2352700
1002
}
  0
LINE
  5
98
330
6C
100
AcDbEntity
 67
     1
  8
G-ANNO-TTLB
370
   120
100
AcDbLine
 10
11.85908575783599
 20
580.8693028883324
 30
0.0
 11
11.85908575783599
 21
10.86930288833601
 31
0.0
1001
REVIT
1002
{
1070
     1
1000
2355370
1002
}
1002
{
1070
     2
1000
-2000280
1002
}
1002
{
1070
     3
1000
2352704
1002
}
  0
LINE
  5
99
330
6C
100
AcDbEntity
 67
     1
  8
G-ANNO-TTLB
370
   120
100
AcDbLine
 10
11.85908575783599
 20
580.8693028883324
 30
0.0
 11
828.8590857578338
 21
580.8693028883324
 31
0.0
1001
REVIT
1002
{
1070
     1
1000
2355494
1002
}
1002
{
1070
     2
1000
-2000280
1002
}
1002
{
1070
     3
1000
2352704
1002
}
  0
LINE
  5
9A
330
6C
100
AcDbEntity
 67
     1
  8
G-ANNO-TTLB
370
   120
100
AcDbLine
 10
828.8590857578338
 20
580.8693028883324
 30
0.0
 11
828.8590857578338
 21
10.86930288833601
 31
0.0
1001
REVIT
1002
{
1070
     1
1000
2355495
1002
}
1002
{
1070
     2
1000
-2000280
1002
}
1002
{
1070
     3
1000
2352704
1002
}
  0
LINE
  5
9B
330
6C
100
AcDbEntity
 67
     1
  8
G-ANNO-TTLB
370
   120
100
AcDbLine
 10
828.8590857578338
 20
10.86930288833604
 30
0.0
 11
11.85908575783599
 21
10.86930288833604
 31
0.0
1001
REVIT
1002
{
1070
     1
1000
2355496
1002
}
1002
{
1070
     2
1000
-2000280
1002
}
1002
{
1070
     3
1000
2352704
1002
}
  0
LINE
  5
9C
330
6C
100
AcDbEntity
 67
     1
  8
G-ANNO-TTLB
370
   120
100
AcDbLine
 10
11.85908575783599
 20
62.66972200492166
 30
0.0
 11
828.8590857578338
 21
62.66972200492166
 31
0.0
1001
REVIT
1002
{
1070
     1
1000
2355497
1002
}
1002
{
1070
     2
1000
-2000280
1002
}
1002
{
1070
     3
1000
2352704
1002
}
  0
LINE
  5
9D
330
6C
100
AcDbEntity
 67
     1
  8
A-DETL
370
    50
100
AcDbLine
 10
8.859085757834378
 20
592.8693028883246
 30
0.0
 11
-0.1409142421657417
 21
592.8693028883246
 31
0.0
1001
REVIT
1002
{
1070
     1
1000
2355498
1002
}
1002
{
1070
     2
1000
-2000051
1002
}
  0
LINE
  5
9E
330
6C
100
AcDbEntity
 67
     1
  8
A-DETL
370
    50
100
AcDbLine
 10
-0.1409142421657417
 20
592.8693028883246
 30
0.0
 11
-0.1409142421657417
 21
580.8693028883246
 31
0.0
1001
REVIT
1002
{
1070
     1
1000
2355499
1002
}
1002
{
1070
     2
1000
-2000051
1002
}
  0
LINE
  5
9F
330
6C
100
AcDbEntity
 67
     1
  8
A-DETL
370
    50
100
AcDbLine
 10
840.8590857578332
 20
580.8693028883342
 30
0.0
 11
840.8590857578332
 21
592.8693028883342
 31
0.0
1001
REVIT
1002
{
1070
     1
1000
2355500
1002
}
1002
{
1070
     2
1000
-2000051
1002
}
  0
LINE
  5
A0
330
6C
100
AcDbEntity
 67
     1
  8
A-DETL
370
    50
100
AcDbLine
 10
840.8590857578332
 20
592.8693028883342
 30
0.0
 11
831.859085757833
 21
592.8693028883342
 31
0.0
1001
REVIT
1002
{
1070
     1
1000
2355501
1002
}
1002
{
1070
     2
1000
-2000051
1002
}
  0
LINE
  5
A1
330
6C
100
AcDbEntity
 67
     1
  8
A-DETL
370
    50
100
AcDbLine
 10
840.8590857578337
 20
10.86930288833604
 30
0.0
 11
840.8590857578337
 21
-1.130697111671751
 31
0.0
1001
REVIT
1002
{
1070
     1
1000
2355502
1002
}
1002
{
1070
     2
1000
-2000051
1002
}
  0
LINE
  5
A2
330
6C
100
AcDbEntity
 67
     1
  8
A-DETL
370
    50
100
AcDbLine
 10
840.8590857578337
 20
-1.130697111671751
 30
0.0
 11
831.8590857578339
 21
-1.130697111671751
 31
0.0
1001
REVIT
1002
{
1070
     1
1000
2355503
1002
}
1002
{
1070
     2
1000
-2000051
1002
}
  0
LINE
  5
A3
330
6C
100
AcDbEntity
 67
     1
  8
A-DETL
370
    50
100
AcDbLine
 10
-0.1409142421596506
 20
10.86930288833604
 30
0.0
 11
-0.1409142421596506
 21
-1.130697111676116
 31
0.0
1001
REVIT
1002
{
1070
     1
1000
2355504
1002
}
1002
{
1070
     2
1000
-2000051
1002
}
  0
LINE
  5
A4
330
6C
100
AcDbEntity
 67
     1
  8
A-DETL
370
    50
100
AcDbLine
 10
-0.1409142421596506
 20
-1.130697111676116
 30
0.0
 11
8.859085757840198
 21
-1.130697111676116
 31
0.0
1001
REVIT
1002
{
1070
     1
1000
2355505
1002
}
1002
{
1070
     2
1000
-2000051
1002
}
  0
MTEXT
  5
A6
330
6C
100
AcDbEntity
 67
     1
  8
G-ANNO-NPLT
370
    50
100
AcDbMText
 10
836.8272426164672
 20
12.1966111003002
 30
0.0
 40
2.0
 41
30.27172
 46
0.0
 71
     1
 72
     1
  1
24/01/2012 10:55:30 AM
  7
Arial
 11
0.0
 21
1.0
 31
0.0
 73
     2
 44
1.0
1001
REVIT
1002
{
1070
     1
1000
2355528
1002
}
1002
{
1070
     5
1000
2355610
1002
}
1002
{
1070
     2
1000
-2000510
1002
}
  0
MTEXT
  5
A7
330
6C
100
AcDbEntity
 67
     1
  8
G-ANNO-NPLT
370
    50
100
AcDbMText
 10
836.8272426164672
 20
63.3007637286062
 30
0.0
 40
2.0
 41
10.967085
 46
0.0
 71
     1
 72
     1
  1
File Path
  7
Arial
 11
0.0
 21
1.0
 31
0.0
 73
     2
 44
1.0
1001
REVIT
1002
{
1070
     1
1000
2355529
1002
}
1002
{
1070
     5
1000
2355610
1002
}
1002
{
1070
     2
1000
-2000510
1002
}
  0
MTEXT
  5
A9
330
6C
100
AcDbEntity
 67
     1
  8
G-ANNO-NPLT
370
    50
100
AcDbMText
 10
296.7664267814349
 20
55.86620060473876
 30
0.0
 40
3.5
 41
32.19577000000001
 46
0.0
 71
     1
 72
     1
  1
CLIENT NAME
  7
Arial_1
 73
     2
 44
1.0
1001
REVIT
1002
{
1070
     1
1000
2355592
1002
}
1002
{
1070
     5
1000
2355605
1002
}
1002
{
1070
     2
1000
-2000510
1002
}
  0
LINE
  5
AA
330
6C
100
AcDbEntity
 67
     1
  8
G-ANNO-TTLB
370
    50
100
AcDbLine
 10
234.859085757836
 20
62.66972200492166
 30
0.0
 11
234.859085757836
 21
10.86930288833608
 31
0.0
1001
REVIT
1002
{
1070
     1
1000
2355597
1002
}
1002
{
1070
     2
1000
-2000280
1002
}
1002
{
1070
     3
1000
2352702
1002
}
  0
MTEXT
  5
AC
330
6C
100
AcDbEntity
 67
     1
  8
G-ANNO-TEXT
 62
     7
370
    50
100
AcDbMText
 10
237.7664267814348
 20
60.40973935764566
 30
0.0
 40
2.0
 41
11.80084
 46
0.0
 71
     1
 72
     1
  1
Copyright
  7
Arial
 73
     2
 44
1.0
1001
REVIT
1002
{
1070
     1
1000
2355602
1002
}
1002
{
1070
     5
1000
2355598
1002
}
1002
{
1070
     2
1000
-2000300
1002
}
  0
LINE
  5
AD
330
6C
100
AcDbEntity
 67
     1
  8
G-ANNO-TTLB
370
    50
100
AcDbLine
 10
293.859085757836
 20
62.66972200492166
 30
0.0
 11
293.859085757836
 21
10.86930288833608
 31
0.0
1001
REVIT
1002
{
1070
     1
1000
2355603
1002
}
1002
{
1070
     2
1000
-2000280
1002
}
1002
{
1070
     3
1000
2352702
1002
}
  0
MTEXT
  5
AE
330
6C
100
AcDbEntity
 67
     1
  8
G-ANNO-TEXT
 62
     7
370
    50
100
AcDbMText
 10
296.7664267814349
 20
60.40973935764547
 30
0.0
 40
2.0
 41
7.118984999999999
 46
0.0
 71
     1
 72
     1
  1
Client
  7
Arial
 73
     2
 44
1.0
1001
REVIT
1002
{
1070
     1
1000
2355604
1002
}
1002
{
1070
     5
1000
2355598
1002
}
1002
{
1070
     2
1000
-2000300
1002
}
  0
LINE
  5
AF
330
6C
100
AcDbEntity
 67
     1
  8
G-ANNO-TTLB
370
    50
100
AcDbLine
 10
451.3590857578363
 20
62.66972200492166
 30
0.0
 11
451.3590857578363
 21
10.86930288833604
 31
0.0
1001
REVIT
1002
{
1070
     1
1000
2355609
1002
}
1002
{
1070
     2
1000
-2000280
1002
}
1002
{
1070
     3
1000
2352702
1002
}
  0
MTEXT
  5
B0
330
6C
100
AcDbEntity
 67
     1
  8
G-ANNO-TEXT
 62
     7
370
    50
100
AcDbMText
 10
381.1253962422688
 20
27.55932555149286
 30
0.0
 40
2.0
 41
82.99069000000001
 46
0.0
 71
     1
 72
     1
  1
a: Level 3, 159 Coronation Drive (CNR Cribb St), Milton, QLD, 4064
  7
Arial
 73
     2
 44
1.0
1001
REVIT
1002
{
1070
     1
1000
2355614
1002
}
1002
{
1070
     5
1000
2355598
1002
}
1002
{
1070
     2
1000
-2000300
1002
}
  0
MTEXT
  5
B1
330
6C
100
AcDbEntity
 67
     1
  8
G-ANNO-TEXT
 62
     7
370
    50
100
AcDbMText
 10
381.1253962422688
 20
24.31817971815953
 30
0.0
 40
2.0
 41
21.8059
 46
0.0
 71
     1
 72
     1
  1
p: (07) 3444 6666
  7
Arial
 73
     2
 44
1.0
1001
REVIT
1002
{
1070
     1
1000
2355614
1002
}
1002
{
1070
     5
1000
2355598
1002
}
1002
{
1070
     2
1000
-2000300
1002
}
  0
MTEXT
  5
B2
330
6C
100
AcDbEntity
 67
     1
  8
G-ANNO-TEXT
 62
     7
370
    50
100
AcDbMText
 10
381.1253962422688
 20
21.0770338848262
 30
0.0
 40
2.0
 41
39.76370000000001
 46
0.0
 71
     1
 72
     1
  1
e: admin@ptgconsulting.com.au
  7
Arial
 73
     2
 44
1.0
1001
REVIT
1002
{
1070
     1
1000
2355614
1002
}
1002
{
1070
     5
1000
2355598
1002
}
1002
{
1070
     2
1000
-2000300
1002
}
  0
MTEXT
  5
B3
330
6C
100
AcDbEntity
 67
     1
  8
G-ANNO-TEXT
 62
     7
370
    50
100
AcDbMText
 10
381.1253962422688
 20
17.83588805149286
 30
0.0
 40
2.0
 41
45.15104
 46
0.0
 71
     1
 72
     1
  1
w: https://www.ptgconsulting.com.au/
  7
Arial
 73
     2
 44
1.0
1001
REVIT
1002
{
1070
     1
1000
2355614
1002
}
1002
{
1070
     5
1000
2355598
1002
}
1002
{
1070
     2
1000
-2000300
1002
}
  0
LINE
  5
B4
330
6C
100
AcDbEntity
 67
     1
  8
G-ANNO-TTLB
370
    50
100
AcDbLine
 10
378.859085757836
 20
62.66972200492166
 30
0.0
 11
378.859085757836
 21
10.86930288833608
 31
0.0
1001
REVIT
1002
{
1070
     1
1000
2355615
1002
}
1002
{
1070
     2
1000
-2000280
1002
}
1002
{
1070
     3
1000
2352702
1002
}
  0
MTEXT
  5
B6
330
6C
100
AcDbEntity
 67
     1
  8
G-ANNO-NPLT
370
    50
100
AcDbMText
 10
581.7664267814348
 20
55.44797143807127
 30
0.0
 40
5.0
 41
52.71897
 46
0.0
 71
     1
 72
     1
  1
PROJECT TITLE
  7
Arial_2
 73
     2
 44
1.0
1001
REVIT
1002
{
1070
     1
1000
2355616
1002
}
1002
{
1070
     5
1000
2355520
1002
}
1002
{
1070
     2
1000
-2000510
1002
}
  0
MTEXT
  5
B8
330
6C
100
AcDbEntity
 67
     1
  8
G-ANNO-NPLT
370
    50
100
AcDbMText
 10
581.7664267814348
 20
42.90304012674777
 30
0.0
 40
2.5
 41
33.09366000000001
 46
0.0
 71
     1
 72
     1
  1
PROJECT ADDRESS
  7
Arial_3
 73
     2
 44
1.0
1001
REVIT
1002
{
1070
     1
1000
2355617
1002
}
1002
{
1070
     5
1000
2355642
1002
}
1002
{
1070
     2
1000
-2000510
1002
}
  0
MTEXT
  5
B9
330
6C
100
AcDbEntity
 67
     1
  8
G-ANNO-TEXT
 62
     7
370
    50
100
AcDbMText
 10
581.7664267814348
 20
60.40973935764455
 30
0.0
 40
2.0
 41
8.658224999999999
 46
0.0
 71
     1
 72
     1
  1
Project
  7
Arial
 73
     2
 44
1.0
1001
REVIT
1002
{
1070
     1
1000
2355618
1002
}
1002
{
1070
     5
1000
2355598
1002
}
1002
{
1070
     2
1000
-2000300
1002
}
  0
LINE
  5
BA
330
6C
100
AcDbEntity
 67
     1
  8
G-ANNO-TTLB
370
    50
100
AcDbLine
 10
578.8590857578359
 20
62.66972200492166
 30
0.0
 11
578.8590857578359
 21
10.86930288833608
 31
0.0
1001
REVIT
1002
{
1070
     1
1000
2355619
1002
}
1002
{
1070
     2
1000
-2000280
1002
}
1002
{
1070
     3
1000
2352702
1002
}
  0
MTEXT
  5
BB
330
6C
100
AcDbEntity
 67
     1
  8
G-ANNO-TEXT
 62
     7
370
    50
100
AcDbMText
 10
691.5963021861078
 20
60.40973935764422
 30
0.0
 40
2.0
 41
16.03375
 46
0.0
 71
     1
 72
     1
  1
Drawing Title
  7
Arial
 73
     2
 44
1.0
1001
REVIT
1002
{
1070
     1
1000
2355620
1002
}
1002
{
1070
     5
1000
2355598
1002
}
1002
{
1070
     2
1000
-2000300
1002
}
  0
LINE
  5
BC
330
6C
100
AcDbEntity
 67
     1
  8
G-ANNO-TTLB
370
    50
100
AcDbLine
 10
688.8590857578356
 20
62.66972200492166
 30
0.0
 11
688.8590857578356
 21
10.86930288833608
 31
0.0
1001
REVIT
1002
{
1070
     1
1000
2355621
1002
}
1002
{
1070
     2
1000
-2000280
1002
}
1002
{
1070
     3
1000
2352702
1002
}
  0
LINE
  5
BD
330
6C
100
AcDbEntity
 67
     1
  8
G-ANNO-TTLB
100
AcDbLine
 10
688.8590857578356
 20
34.869302888336
 30
0.0
 11
828.8590857578338
 21
34.869302888336
 31
0.0
1001
REVIT
1002
{
1070
     1
1000
2355622
1002
}
1002
{
1070
     2
1000
-2000280
1002
}
1002
{
1070
     3
1000
2352700
1002
}
  0
LINE
  5
BE
330
6C
100
AcDbEntity
 67
     1
  8
G-ANNO-TTLB
100
AcDbLine
 10
688.8590857578356
 20
22.86930288833609
 30
0.0
 11
828.8590857578338
 21
22.86930288833609
 31
0.0
1001
REVIT
1002
{
1070
     1
1000
2355623
1002
}
1002
{
1070
     2
1000
-2000280
1002
}
1002
{
1070
     3
1000
2352700
1002
}
  0
LINE
  5
BF
330
6C
100
AcDbEntity
 67
     1
  8
G-ANNO-TTLB
100
AcDbLine
 10
728.8590857578338
 20
22.86930288833609
 30
0.0
 11
728.8590857578338
 21
34.86930288833604
 31
0.0
1001
REVIT
1002
{
1070
     1
1000
2355624
1002
}
1002
{
1070
     2
1000
-2000280
1002
}
1002
{
1070
     3
1000
2352700
1002
}
  0
LINE
  5
C0
330
6C
100
AcDbEntity
 67
     1
  8
G-ANNO-TTLB
100
AcDbLine
 10
768.8590857578337
 20
10.86930288833608
 30
0.0
 11
768.8590857578337
 21
22.86930288833609
 31
0.0
1001
REVIT
1002
{
1070
     1
1000
2355625
1002
}
1002
{
1070
     2
1000
-2000280
1002
}
1002
{
1070
     3
1000
2352700
1002
}
  0
LINE
  5
C1
330
6C
100
AcDbEntity
 67
     1
  8
G-ANNO-TTLB
100
AcDbLine
 10
808.8590857578337
 20
10.86930288833608
 30
0.0
 11
808.8590857578337
 21
22.86930288833609
 31
0.0
1001
REVIT
1002
{
1070
     1
1000
2355626
1002
}
1002
{
1070
     2
1000
-2000280
1002
}
1002
{
1070
     3
1000
2352700
1002
}
  0
MTEXT
  5
C2
330
6C
100
AcDbEntity
 67
     1
  8
G-ANNO-TEXT
 62
     7
370
    50
100
AcDbMText
 10
689.9095365256965
 20
34.0815729327168
 30
0.0
 40
2.0
 41
7.82447
 46
0.0
 71
     1
 72
     1
  1
Drawn
  7
Arial
 73
     2
 44
1.0
1001
REVIT
1002
{
1070
     1
1000
2355627
1002
}
1002
{
1070
     5
1000
2355598
1002
}
1002
{
1070
     2
1000
-2000300
1002
}
  0
MTEXT
  5
C3
330
6C
100
AcDbEntity
 67
     1
  8
G-ANNO-TEXT
 62
     7
370
    50
100
AcDbMText
 10
689.9095365256965
 20
22.07338201469101
 30
0.0
 40
2.0
 41
11.736705
 46
0.0
 71
     1
 72
     1
  1
Designed
  7
Arial
 73
     2
 44
1.0
1001
REVIT
1002
{
1070
     1
1000
2355628
1002
}
1002
{
1070
     5
1000
2355598
1002
}
1002
{
1070
     2
1000
-2000300
1002
}
  0
MTEXT
  5
C4
330
6C
100
AcDbEntity
 67
     1
  8
G-ANNO-TEXT
 62
     7
370
    50
100
AcDbMText
 10
709.9095365256946
 20
22.07338201469102
 30
0.0
 40
2.0
 41
5.836285
 46
0.0
 71
     1
 72
     1
  1
Date
  7
Arial
 73
     2
 44
1.0
1001
REVIT
1002
{
1070
     1
1000
2355629
1002
}
1002
{
1070
     5
1000
2355598
1002
}
1002
{
1070
     2
1000
-2000300
1002
}
  0
MTEXT
  5
C5
330
6C
100
AcDbEntity
 67
     1
  8
G-ANNO-TEXT
 62
     7
370
    50
100
AcDbMText
 10
730.2070565619112
 20
22.07338201469102
 30
0.0
 40
2.0
 41
13.72489
 46
0.0
 71
     1
 72
     1
  1
Project No.
  7
Arial
 73
     2
 44
1.0
1001
REVIT
1002
{
1070
     1
1000
2355630
1002
}
1002
{
1070
     5
1000
2355598
1002
}
1002
{
1070
     2
1000
-2000300
1002
}
  0
MTEXT
  5
C6
330
6C
100
AcDbEntity
 67
     1
  8
G-ANNO-TEXT
 62
     7
370
    50
100
AcDbMText
 10
730.2070565619112
 20
34.08157293271681
 30
0.0
 40
2.0
 41
14.75105
 46
0.0
 71
     1
 72
     1
  1
Scale @ A1
  7
Arial
 73
     2
 44
1.0
1001
REVIT
1002
{
1070
     1
1000
2355631
1002
}
1002
{
1070
     5
1000
2355598
1002
}
1002
{
1070
     2
1000
-2000300
1002
}
  0
MTEXT
  5
C7
330
6C
100
AcDbEntity
 67
     1
  8
G-ANNO-TEXT
 62
     7
370
    50
100
AcDbMText
 10
770.6570746706995
 20
22.07338201469102
 30
0.0
 40
2.0
 41
10.454005
 46
0.0
 71
     1
 72
     1
  1
Dwg No.
  7
Arial
 73
     2
 44
1.0
1001
REVIT
1002
{
1070
     1
1000
2355632
1002
}
1002
{
1070
     5
1000
2355598
1002
}
1002
{
1070
     2
1000
-2000300
1002
}
  0
MTEXT
  5
C8
330
6C
100
AcDbEntity
 67
     1
  8
G-ANNO-NPLT
370
    50
100
AcDbMText
 10
693.5717761394897
 20
28.64740243019575
 30
0.0
 40
2.5
 41
12.891135
 46
0.0
 71
     1
 72
     1
  1
DRAWN
  7
Arial_3
 73
     2
 44
1.0
1001
REVIT
1002
{
1070
     1
1000
2355633
1002
}
1002
{
1070
     5
1000
2355642
1002
}
1002
{
1070
     2
1000
-2000510
1002
}
  0
MTEXT
  5
C9
330
6C
100
AcDbEntity
 67
     1
  8
G-ANNO-NPLT
370
    50
100
AcDbMText
 10
696.0167761394897
 20
16.96319009799441
 30
0.0
 40
2.5
 41
6.926580000000001
 46
0.0
 71
     1
 72
     1
  1
DES
  7
Arial_3
 73
     2
 44
1.0
1001
REVIT
1002
{
1070
     1
1000
2355634
1002
}
1002
{
1070
     5
1000
2355642
1002
}
1002
{
1070
     2
1000
-2000510
1002
}
  0
MTEXT
  5
CA
330
6C
100
AcDbEntity
 67
     1
  8
G-ANNO-NPLT
370
    50
100
AcDbMText
 10
711.9334884930436
 20
16.96319009799441
 30
0.0
 40
2.5
 41
16.80337
 46
0.0
 71
     1
 72
     1
  1
DD.MM.YY
  7
Arial_3
 73
     2
 44
1.0
1001
REVIT
1002
{
1070
     1
1000
2355635
1002
}
1002
{
1070
     5
1000
2355642
1002
}
1002
{
1070
     2
1000
-2000510
1002
}
  0
MTEXT
  5
CB
330
6C
100
AcDbEntity
 67
     1
  8
G-ANNO-NPLT
370
    50
100
AcDbMText
 10
735.9189702742711
 20
17.46641926466108
 30
0.0
 40
3.5
 41
31.23374500000001
 46
0.0
 71
     1
 72
     1
  1
PROJECT No.
  7
Arial_1
 73
     2
 44
1.0
1001
REVIT
1002
{
1070
     1
1000
2355636
1002
}
1002
{
1070
     5
1000
2355605
1002
}
1002
{
1070
     2
1000
-2000510
1002
}
  0
MTEXT
  5
CC
330
6C
100
AcDbEntity
 67
     1
  8
G-ANNO-NPLT
370
    50
100
AcDbMText
 10
771.5153556267766
 20
20.21141926466108
 30
0.0
 40
3.5
 41
42.20082999999999
 46
0.0
 71
     1
 72
     1
  1
Sheet PrefixSHEET
  7
Arial_1
 73
     2
 44
1.0
1001
REVIT
1002
{
1070
     1
1000
2355637
1002
}
1002
{
1070
     5
1000
2355605
1002
}
1002
{
1070
     2
1000
-2000510
1002
}
  0
MTEXT
  5
CD
330
6C
100
AcDbEntity
 67
     1
  8
G-ANNO-NPLT
370
    50
100
AcDbMText
 10
785.8028556267766
 20
14.72131509799441
 30
0.0
 40
3.5
 41
7.503795000000001
 46
0.0
 71
     1
 72
     1
  1
No.
  7
Arial_1
 73
     2
 44
1.0
1001
REVIT
1002
{
1070
     1
1000
2355637
1002
}
1002
{
1070
     5
1000
2355605
1002
}
1002
{
1070
     2
1000
-2000510
1002
}
  0
MTEXT
  5
CE
330
6C
100
AcDbEntity
 67
     1
  8
G-ANNO-NPLT
370
    50
100
AcDbMText
 10
817.252378867073
 20
17.46641926466144
 30
0.0
 40
3.5
 41
3.20675
 46
0.0
 71
     1
 72
     1
  1
A
  7
Arial_1
 73
     2
 44
1.0
1001
REVIT
1002
{
1070
     1
1000
2355638
1002
}
1002
{
1070
     5
1000
2355605
1002
}
1002
{
1070
     2
1000
-2000510
1002
}
  0
MTEXT
  5
CF
330
6C
100
AcDbEntity
 67
     1
  8
G-ANNO-TEXT
 62
     7
370
    50
100
AcDbMText
 10
810.5867895060642
 20
22.07338201469102
 30
0.0
 40
2.0
 41
10.77468
 46
0.0
 71
     1
 72
     1
  1
Revision
  7
Arial
 73
     2
 44
1.0
1001
REVIT
1002
{
1070
     1
1000
2355639
1002
}
1002
{
1070
     5
1000
2355598
1002
}
1002
{
1070
     2
1000
-2000300
1002
}
  0
LINE
  5
D0
330
6C
100
AcDbEntity
 67
     1
  8
G-ANNO-TTLB
100
AcDbLine
 10
728.8590857578338
 20
10.86930288833608
 30
0.0
 11
728.8590857578338
 21
22.86930288833609
 31
0.0
1001
REVIT
1002
{
1070
     1
1000
2355640
1002
}
1002
{
1070
     2
1000
-2000280
1002
}
1002
{
1070
     3
1000
2352700
1002
}
  0
LINE
  5
D1
330
6C
100
AcDbEntity
 67
     1
  8
G-ANNO-TTLB
100
AcDbLine
 10
708.8590857578338
 20
22.86930288833609
 30
0.0
 11
708.8590857578338
 21
34.86930288833604
 31
0.0
1001
REVIT
1002
{
1070
     1
1000
2355641
1002
}
1002
{
1070
     2
1000
-2000280
1002
}
1002
{
1070
     3
1000
2352700
1002
}
  0
LINE
  5
D2
330
6C
100
AcDbEntity
 67
     1
  8
G-ANNO-TTLB
100
AcDbLine
 10
708.8590857578338
 20
10.86930288833608
 30
0.0
 11
708.8590857578338
 21
22.86930288833609
 31
0.0
1001
REVIT
1002
{
1070
     1
1000
2355646
1002
}
1002
{
1070
     2
1000
-2000280
1002
}
1002
{
1070
     3
1000
2352700
1002
}
  0
MTEXT
  5
D3
330
6C
100
AcDbEntity
 67
     1
  8
G-ANNO-TEXT
 62
     7
370
    50
100
AcDbMText
 10
709.9095365256946
 20
34.08157293271681
 30
0.0
 40
2.0
 41
11.92911
 46
0.0
 71
     1
 72
     1
  1
Approved
  7
Arial
 73
     2
 44
1.0
1001
REVIT
1002
{
1070
     1
1000
2355647
1002
}
1002
{
1070
     5
1000
2355598
1002
}
1002
{
1070
     2
1000
-2000300
1002
}
  0
MTEXT
  5
D4
330
6C
100
AcDbEntity
 67
     1
  8
G-ANNO-NPLT
370
    50
100
AcDbMText
 10
716.023071826377
 20
28.64740243019576
 30
0.0
 40
2.5
 41
6.926580000000001
 46
0.0
 71
     1
 72
     1
  1
APR
  7
Arial_3
 73
     2
 44
1.0
1001
REVIT
1002
{
1070
     1
1000
2355648
1002
}
1002
{
1070
     5
1000
2355642
1002
}
1002
{
1070
     2
1000
-2000510
1002
}
  0
LINE
  5
D5
330
6C
100
AcDbEntity
 67
     1
  8
G-ANNO-TTLB
100
AcDbLine
 10
743.8590857578337
 20
22.86930288833609
 30
0.0
 11
743.8590857578337
 21
34.86930288833604
 31
0.0
1001
REVIT
1002
{
1070
     1
1000
2355649
1002
}
1002
{
1070
     2
1000
-2000280
1002
}
1002
{
1070
     3
1000
2352700
1002
}
  0
MTEXT
  5
D6
330
6C
100
AcDbEntity
 67
     1
  8
G-ANNO-TEXT
 62
     7
370
    50
100
AcDbMText
 10
745.2070565619112
 20
34.08157293271676
 30
0.0
 40
2.0
 41
18.663285
 46
0.0
 71
     1
 72
     1
  1
Drawing Status
  7
Arial
 73
     2
 44
1.0
1001
REVIT
1002
{
1070
     1
1000
2355650
1002
}
1002
{
1070
     5
1000
2355598
1002
}
1002
{
1070
     2
1000
-2000300
1002
}
  0
MTEXT
  5
D7
330
6C
100
AcDbEntity
 67
     1
  8
G-ANNO-NPLT
370
    50
100
AcDbMText
 10
767.5260726759837
 20
29.77563159686243
 30
0.0
 40
3.5
 41
43.675935
 46
0.0
 71
     1
 72
     1
  1
DRAWING STATUS
  7
Arial_1
 73
     2
 44
1.0
1001
REVIT
1002
{
1070
     1
1000
2355651
1002
}
1002
{
1070
     5
1000
2355605
1002
}
1002
{
1070
     2
1000
-2000510
1002
}
  0
MTEXT
  5
D8
330
6C
100
AcDbEntity
 67
     1
  8
G-ANNO-TEXT
 62
     7
370
    50
100
AcDbMText
 10
522.2735948583223
 20
60.25066608315361
 30
0.0
 40
2.0
 41
6.734175000000001
 46
0.0
 71
     1
 72
     1
  1
North
  7
Arial
 73
     2
 44
1.0
1001
REVIT
1002
{
1070
     1
1000
2355652
1002
}
1002
{
1070
     5
1000
2355598
1002
}
1002
{
1070
     2
1000
-2000300
1002
}
  0
LINE
  5
DA
330
6C
100
AcDbEntity
 67
     1
  8
G-ANNO-SCHD
100
AcDbLine
 10
234.8590857578357
 20
12.67612107015406
 30
0.0
 11
11.89403979839712
 21
12.67612107015406
 31
0.0
1001
REVIT
1002
{
1070
     1
1000
2355654
1002
}
1002
{
1070
     2
1000
-2000570
1002
}
  0
LINE
  5
DB
330
6C
100
AcDbEntity
 67
     1
  8
G-ANNO-SCHD
100
AcDbLine
 10
234.8590857578357
 20
16.50955855309462
 30
0.0
 11
11.89403979839712
 21
16.50955855309462
 31
0.0
1001
REVIT
1002
{
1070
     1
1000
2355654
1002
}
1002
{
1070
     2
1000
-2000570
1002
}
  0
LINE
  5
DC
330
6C
100
AcDbEntity
 67
     1
  8
G-ANNO-SCHD
100
AcDbLine
 10
234.8590857578357
 20
20.34299603603517
 30
0.0
 11
11.89403979839712
 21
20.34299603603517
 31
0.0
1001
REVIT
1002
{
1070
     1
1000
2355654
1002
}
1002
{
1070
     2
1000
-2000570
1002
}
  0
LINE
  5
DD
330
6C
100
AcDbEntity
 67
     1
  8
G-ANNO-SCHD
100
AcDbLine
 10
234.8590857578357
 20
24.17643351897572
 30
0.0
 11
11.89403979839712
 21
24.17643351897572
 31
0.0
1001
REVIT
1002
{
1070
     1
1000
2355654
1002
}
1002
{
1070
     2
1000
-2000570
1002
}
  0
LINE
  5
DE
330
6C
100
AcDbEntity
 67
     1
  8
G-ANNO-SCHD
100
AcDbLine
 10
234.8590857578357
 20
28.00987100191628
 30
0.0
 11
11.89403979839712
 21
28.00987100191628
 31
0.0
1001
REVIT
1002
{
1070
     1
1000
2355654
1002
}
1002
{
1070
     2
1000
-2000570
1002
}
  0
LINE
  5
DF
330
6C
100
AcDbEntity
 67
     1
  8
G-ANNO-SCHD
100
AcDbLine
 10
234.8590857578357
 20
31.84330848485683
 30
0.0
 11
11.89403979839712
 21
31.84330848485683
 31
0.0
1001
REVIT
1002
{
1070
     1
1000
2355654
1002
}
1002
{
1070
     2
1000
-2000570
1002
}
  0
LINE
  5
E0
330
6C
100
AcDbEntity
 67
     1
  8
G-ANNO-SCHD
100
AcDbLine
 10
234.8590857578357
 20
35.67674596779738
 30
0.0
 11
11.89403979839712
 21
35.67674596779738
 31
0.0
1001
REVIT
1002
{
1070
     1
1000
2355654
1002
}
1002
{
1070
     2
1000
-2000570
1002
}
  0
LINE
  5
E1
330
6C
100
AcDbEntity
 67
     1
  8
G-ANNO-SCHD
100
AcDbLine
 10
234.8590857578357
 20
39.51018345073793
 30
0.0
 11
11.89403979839712
 21
39.51018345073793
 31
0.0
1001
REVIT
1002
{
1070
     1
1000
2355654
1002
}
1002
{
1070
     2
1000
-2000570
1002
}
  0
LINE
  5
E2
330
6C
100
AcDbEntity
 67
     1
  8
G-ANNO-SCHD
100
AcDbLine
 10
234.8590857578357
 20
43.34362093367849
 30
0.0
 11
11.89403979839712
 21
43.34362093367849
 31
0.0
1001
REVIT
1002
{
1070
     1
1000
2355654
1002
}
1002
{
1070
     2
1000
-2000570
1002
}
  0
LINE
  5
E3
330
6C
100
AcDbEntity
 67
     1
  8
G-ANNO-SCHD
100
AcDbLine
 10
234.8590857578357
 20
47.17705841661903
 30
0.0
 11
11.89403979839712
 21
47.17705841661903
 31
0.0
1001
REVIT
1002
{
1070
     1
1000
2355654
1002
}
1002
{
1070
     2
1000
-2000570
1002
}
  0
LINE
  5
E4
330
6C
100
AcDbEntity
 67
     1
  8
G-ANNO-SCHD
100
AcDbLine
 10
234.8590857578357
 20
51.01049589955959
 30
0.0
 11
11.89403979839712
 21
51.01049589955959
 31
0.0
1001
REVIT
1002
{
1070
     1
1000
2355654
1002
}
1002
{
1070
     2
1000
-2000570
1002
}
  0
LINE
  5
E5
330
6C
100
AcDbEntity
 67
     1
  8
G-ANNO-SCHD
100
AcDbLine
 10
234.8590857578357
 20
54.84393338250013
 30
0.0
 11
11.89403979839712
 21
54.84393338250013
 31
0.0
1001
REVIT
1002
{
1070
     1
1000
2355654
1002
}
1002
{
1070
     2
1000
-2000570
1002
}
  0
LINE
  5
E6
330
6C
100
AcDbEntity
 67
     1
  8
G-ANNO-SCHD
100
AcDbLine
 10
234.8590857578357
 20
54.84393338250013
 30
0.0
 11
234.8590857578357
 21
12.67612107015405
 31
0.0
1001
REVIT
1002
{
1070
     1
1000
2355654
1002
}
1002
{
1070
     2
1000
-2000570
1002
}
  0
LINE
  5
E7
330
6C
100
AcDbEntity
 67
     1
  8
G-ANNO-SCHD
100
AcDbLine
 10
216.7799581175941
 20
54.84393338250013
 30
0.0
 11
216.7799581175941
 21
12.67612107015405
 31
0.0
1001
REVIT
1002
{
1070
     1
1000
2355654
1002
}
1002
{
1070
     2
1000
-2000570
1002
}
  0
LINE
  5
E8
330
6C
100
AcDbEntity
 67
     1
  8
G-ANNO-SCHD
100
AcDbLine
 10
216.7799581175941
 20
60.59408960691096
 30
0.0
 11
216.7799581175941
 21
54.84393338250013
 31
0.0
1001
REVIT
1002
{
1070
     1
1000
2355654
1002
}
1002
{
1070
     2
1000
-2000570
1002
}
  0
LINE
  5
E9
330
6C
100
AcDbEntity
 67
     1
  8
G-ANNO-SCHD
100
AcDbLine
 10
201.8823797431627
 20
54.84393338250013
 30
0.0
 11
201.8823797431627
 21
12.67612107015405
 31
0.0
1001
REVIT
1002
{
1070
     1
1000
2355654
1002
}
1002
{
1070
     2
1000
-2000570
1002
}
  0
LINE
  5
EA
330
6C
100
AcDbEntity
 67
     1
  8
G-ANNO-SCHD
100
AcDbLine
 10
201.8823797431627
 20
60.59408960691096
 30
0.0
 11
201.8823797431627
 21
54.84393338250013
 31
0.0
1001
REVIT
1002
{
1070
     1
1000
2355654
1002
}
1002
{
1070
     2
1000
-2000570
1002
}
  0
LINE
  5
EB
330
6C
100
AcDbEntity
 67
     1
  8
G-ANNO-SCHD
100
AcDbLine
 10
50.60282660663586
 20
54.84393338250013
 30
0.0
 11
50.60282660663586
 21
12.67612107015405
 31
0.0
1001
REVIT
1002
{
1070
     1
1000
2355654
1002
}
1002
{
1070
     2
1000
-2000570
1002
}
  0
LINE
  5
EC
330
6C
100
AcDbEntity
 67
     1
  8
G-ANNO-SCHD
100
AcDbLine
 10
50.60282660663586
 20
60.59408960691096
 30
0.0
 11
50.60282660663586
 21
54.84393338250013
 31
0.0
1001
REVIT
1002
{
1070
     1
1000
2355654
1002
}
1002
{
1070
     2
1000
-2000570
1002
}
  0
LINE
  5
ED
330
6C
100
AcDbEntity
 67
     1
  8
G-ANNO-SCHD
100
AcDbLine
 10
27.28822209911824
 20
54.84393338250013
 30
0.0
 11
27.28822209911824
 21
12.67612107015405
 31
0.0
1001
REVIT
1002
{
1070
     1
1000
2355654
1002
}
1002
{
1070
     2
1000
-2000570
1002
}
  0
LINE
  5
EE
330
6C
100
AcDbEntity
 67
     1
  8
G-ANNO-SCHD
100
AcDbLine
 10
27.28822209911824
 20
60.59408960691096
 30
0.0
 11
27.28822209911824
 21
54.84393338250013
 31
0.0
1001
REVIT
1002
{
1070
     1
1000
2355654
1002
}
1002
{
1070
     2
1000
-2000570
1002
}
  0
LINE
  5
EF
330
6C
100
AcDbEntity
 67
     1
  8
G-ANNO-SCHD
100
AcDbLine
 10
11.89403979839713
 20
54.84393338250013
 30
0.0
 11
11.89403979839713
 21
12.67612107015405
 31
0.0
1001
REVIT
1002
{
1070
     1
1000
2355654
1002
}
1002
{
1070
     2
1000
-2000570
1002
}
  0
MTEXT
  5
F1
330
6C
100
AcDbEntity
 67
     1
  8
G-ANNO-SCHD
100
AcDbMText
 10
19.59113094875768
 20
59.32988908091798
 30
0.0
 40
2.999999999999999
 41
8.153300532181946
 46
0.0
 71
     2
 72
     1
  1
REV
  7
Arial_4
 73
     2
 44
0.9417779076525878
1001
REVIT
1002
{
1070
     1
1000
2355654
1002
}
1002
{
1070
     2
1000
-2000570
1002
}
  0
MTEXT
  5
F2
330
6C
100
AcDbEntity
 67
     1
  8
G-ANNO-SCHD
100
AcDbMText
 10
38.94552435287706
 20
59.32988908091798
 30
0.0
 40
2.999999999999999
 41
10.57725474445225
 46
0.0
 71
     2
 72
     1
  1
DATE
  7
Arial_4
 73
     2
 44
0.9417779076525878
1001
REVIT
1002
{
1070
     1
1000
2355654
1002
}
1002
{
1070
     2
1000
-2000570
1002
}
  0
MTEXT
  5
F3
330
6C
100
AcDbEntity
 67
     1
  8
G-ANNO-SCHD
100
AcDbMText
 10
51.50282660663585
 20
59.32988908091798
 30
0.0
 40
2.999999999999999
 41
27.1042152826589
 46
0.0
 71
     1
 72
     1
  1
DESCRIPTION
  7
Arial_4
 73
     2
 44
0.9417779076525878
1001
REVIT
1002
{
1070
     1
1000
2355654
1002
}
1002
{
1070
     2
1000
-2000570
1002
}
  0
MTEXT
  5
F4
330
6C
100
AcDbEntity
 67
     1
  8
G-ANNO-SCHD
100
AcDbMText
 10
209.3311689303784
 20
59.32988908091798
 30
0.0
 40
2.999999999999999
 41
14.98444422130736
 46
0.0
 71
     2
 72
     1
  1
DRAWN
  7
Arial_4
 73
     2
 44
0.9417779076525878
1001
REVIT
1002
{
1070
     1
1000
2355654
1002
}
1002
{
1070
     2
1000
-2000570
1002
}
  0
MTEXT
  5
F5
330
6C
100
AcDbEntity
 67
     1
  8
G-ANNO-SCHD
100
AcDbMText
 10
225.8195219377149
 20
59.32988908091798
 30
0.0
 40
2.999999999999999
 41
8.373660006024701
 46
0.0
 71
     2
 72
     1
  1
CHK
  7
Arial_4
 73
     2
 44
0.9417779076525878
1001
REVIT
1002
{
1070
     1
1000
2355654
1002
}
1002
{
1070
     2
1000
-2000570
1002
}
  0
LINE
  5
F6
330
6C
100
AcDbEntity
 67
     1
  8
G-ANNO-TTLB
100
AcDbLine
 10
27.28487873026245
 20
53.66232916897633
 30
0.0
 11
27.28487873026245
 21
62.66972200492166
 31
0.0
1001
REVIT
1002
{
1070
     1
1000
2355656
1002
}
1002
{
1070
     2
1000
-2000280
1002
}
1002
{
1070
     3
1000
2352700
1002
}
  0
LINE
  5
F7
330
6C
100
AcDbEntity
 67
     1
  8
G-ANNO-TTLB
100
AcDbLine
 10
50.6067691417738
 20
53.66232916897637
 30
0.0
 11
50.6067691417738
 21
62.66972200492166
 31
0.0
1001
REVIT
1002
{
1070
     1
1000
2355657
1002
}
1002
{
1070
     2
1000
-2000280
1002
}
1002
{
1070
     3
1000
2352700
1002
}
  0
LINE
  5
F8
330
6C
100
AcDbEntity
 67
     1
  8
G-ANNO-TTLB
100
AcDbLine
 10
201.885203491279
 20
55.48051098715716
 30
0.0
 11
201.885203491279
 21
62.66972200492166
 31
0.0
1001
REVIT
1002
{
1070
     1
1000
2355658
1002
}
1002
{
1070
     2
1000
-2000280
1002
}
1002
{
1070
     3
1000
2352700
1002
}
  0
LINE
  5
F9
330
6C
100
AcDbEntity
 67
     1
  8
G-ANNO-TTLB
100
AcDbLine
 10
216.7787246200361
 20
55.48051098715716
 30
0.0
 11
216.7787246200361
 21
62.66972200492166
 31
0.0
1001
REVIT
1002
{
1070
     1
1000
2355659
1002
}
1002
{
1070
     2
1000
-2000280
1002
}
1002
{
1070
     3
1000
2352700
1002
}
  0
INSERT
  5
111
330
6C
100
AcDbEntity
 67
     1
  8
A-ANNO-NOTE
370
    50
100
AcDbBlockReference
  2
Nested - Std North Point - A1-2355660-PTG - Horizontal
 10
558.2566207046203
 20
33.49623300987812
 30
0.0
1001
REVIT
1002
{
1070
     1
1000
2355661
1002
}
1002
{
1070
     5
1000
2355660
1002
}
1002
{
1070
     2
1000
-2000150
1002
}
  0
DIMENSION
  5
12D
330
6C
100
AcDbEntity
 67
     1
  8
A-ANNO-DIMS
100
AcDbDimension
280
     0
  2
DIMBLOCK1-PTG - Horizontal
 10
558.2566207046203
 20
33.49623300987818
 30
0.0
 11
542.2909069042843
 21
38.51987724913477
 31
0.0
 70
   165
 72
     2
 41
0.9417779076525876
 42
6.283185307179581
 73
     0
 74
     0
 75
     0
 53
89.99999999999991
  3
Linear
100
AcDb3PointAngularDimension
 13
544.2566207046203
 23
33.49623300987821
 33
0.0
 14
539.2353612178681
 24
33.49623300987832
 34
0.0
 15
558.2566207046203
 25
33.49623300987812
 35
0.0
1001
REVIT
1002
{
1070
     1
1000
2355662
1002
}
1002
{
1070
     5
1000
2355425
1002
}
1002
{
1070
     2
1000
-2000260
1002
}
1001
ACAD
1000
DSTYLE
1002
{
1070
    49
1040
5.021259486752114
1002
}
  0
MTEXT
  5
13C
330
6C
100
AcDbEntity
 67
     1
  8
G-ANNO-TEXT
 62
     1
370
    70
100
AcDbMText
 10
700.1240857578332
 20
76.44960039340998
 30
0.0
 40
7.5
 41
132.5991125
 46
0.0
 71
     1
 72
     1
  1
NOT FOR CONSTRUCTION
  7
Arial Narrow_B
 73
     2
 44
1.0
1001
REVIT
1002
{
1070
     1
1000
2355667
1002
}
1002
{
1070
     5
1000
2355663
1002
}
1002
{
1070
     2
1000
-2000300
1002
}
  0
LINE
  5
13D
330
6C
100
AcDbEntity
 67
     1
  8
G-ANNO-TTLB
370
    50
100
AcDbLine
 10
834.8590857578338
 20
4.869302888336054
 30
0.0
 11
5.859085757835059
 21
4.869302888336054
 31
0.0
1001
REVIT
1002
{
1070
     1
1000
2355674
1002
}
1002
{
1070
     2
1000
-2000280
1002
}
1002
{
1070
     3
1000
2352702
1002
}
  0
LINE
  5
13E
330
6C
100
AcDbEntity
 67
     1
  8
G-ANNO-TTLB
370
    50
100
AcDbLine
 10
834.8590857578338
 20
586.8693028883324
 30
0.0
 11
834.8590857578338
 21
4.86930288833602
 31
0.0
1001
REVIT
1002
{
1070
     1
1000
2355675
1002
}
1002
{
1070
     2
1000
-2000280
1002
}
1002
{
1070
     3
1000
2352702
1002
}
  0
LINE
  5
13F
330
6C
100
AcDbEntity
 67
     1
  8
G-ANNO-TTLB
100
AcDbLine
 10
5.859085757835059
 20
586.8693028883324
 30
0.0
 11
834.8590857578338
 21
586.8693028883324
 31
0.0
1001
REVIT
1002
{
1070
     1
1000
2355676
1002
}
1002
{
1070
     2
1000
-2000280
1002
}
  0
LINE
  5
140
330
6C
100
AcDbEntity
 67
     1
  8
G-ANNO-TTLB
370
    50
100
AcDbLine
 10
5.859085757835059
 20
586.8693028883324
 30
0.0
 11
5.859085757835059
 21
4.86930288833602
 31
0.0
1001
REVIT
1002
{
1070
     1
1000
2355677
1002
}
1002
{
1070
     2
1000
-2000280
1002
}
1002
{
1070
     3
1000
2352702
1002
}
  0
LINE
  5
141
330
6C
100
AcDbEntity
 67
     1
  8
G-ANNO-TTLB
100
AcDbLine
 10
764.3572722958801
 20
4.869302888336054
 30
0.0
 11
754.3572722958802
 21
4.869302888336054
 31
0.0
1001
REVIT
1002
{
1070
     1
1000
2355678
1002
}
1002
{
1070
     2
1000
-2000280
1002
}
  0
LINE
  5
142
330
6C
100
AcDbEntity
 67
     1
  8
G-ANNO-TTLB
100
AcDbLine
 10
735.8590857578335
 20
4.869302888336054
 30
0.0
 11
735.8590857578335
 21
3.869302888336079
 31
0.0
1001
REVIT
1002
{
1070
     1
1000
2355679
1002
}
1002
{
1070
     2
1000
-2000280
1002
}
  0
LINE
  5
143
330
6C
100
AcDbEntity
 67
     1
  8
G-ANNO-TTLB
100
AcDbLine
 10
736.8590857578339
 20
4.869302888336054
 30
0.0
 11
736.8590857578339
 21
3.869302888336079
 31
0.0
1001
REVIT
1002
{
1070
     1
1000
2355680
1002
}
1002
{
1070
     2
1000
-2000280
1002
}
  0
LINE
  5
144
330
6C
100
AcDbEntity
 67
     1
  8
G-ANNO-TTLB
100
AcDbLine
 10
737.8590857578337
 20
4.869302888336054
 30
0.0
 11
737.8590857578337
 21
3.869302888336079
 31
0.0
1001
REVIT
1002
{
1070
     1
1000
2355681
1002
}
1002
{
1070
     2
1000
-2000280
1002
}
  0
LINE
  5
145
330
6C
100
AcDbEntity
 67
     1
  8
G-ANNO-TTLB
100
AcDbLine
 10
738.8590857578337
 20
4.869302888336054
 30
0.0
 11
738.8590857578337
 21
3.869302888336079
 31
0.0
1001
REVIT
1002
{
1070
     1
1000
2355682
1002
}
1002
{
1070
     2
1000
-2000280
1002
}
  0
LINE
  5
146
330
6C
100
AcDbEntity
 67
     1
  8
G-ANNO-TTLB
100
AcDbLine
 10
743.8590857578339
 20
4.869302888336054
 30
0.0
 11
743.8590857578339
 21
3.869302888336147
 31
0.0
1001
REVIT
1002
{
1070
     1
1000
2355683
1002
}
1002
{
1070
     2
1000
-2000280
1002
}
  0
LINE
  5
147
330
6C
100
AcDbEntity
 67
     1
  8
G-ANNO-TTLB
100
AcDbLine
 10
742.8590857578335
 20
4.869302888336054
 30
0.0
 11
742.8590857578335
 21
3.869302888336147
 31
0.0
1001
REVIT
1002
{
1070
     1
1000
2355684
1002
}
1002
{
1070
     2
1000
-2000280
1002
}
  0
LINE
  5
148
330
6C
100
AcDbEntity
 67
     1
  8
G-ANNO-TTLB
100
AcDbLine
 10
741.8590857578338
 20
4.869302888336054
 30
0.0
 11
741.8590857578338
 21
3.869302888336147
 31
0.0
1001
REVIT
1002
{
1070
     1
1000
2355685
1002
}
1002
{
1070
     2
1000
-2000280
1002
}
  0
LINE
  5
149
330
6C
100
AcDbEntity
 67
     1
  8
G-ANNO-TTLB
100
AcDbLine
 10
740.8590857578338
 20
4.869302888336054
 30
0.0
 11
740.8590857578338
 21
3.869302888336147
 31
0.0
1001
REVIT
1002
{
1070
     1
1000
2355686
1002
}
1002
{
1070
     2
1000
-2000280
1002
}
  0
LINE
  5
14A
330
6C
100
AcDbEntity
 67
     1
  8
G-ANNO-TTLB
100
AcDbLine
 10
750.8590857578337
 20
4.869302888336054
 30
0.0
 11
750.8590857578337
 21
3.869302888336147
 31
0.0
1001
REVIT
1002
{
1070
     1
1000
2355687
1002
}
1002
{
1070
     2
1000
-2000280
1002
}
  0
LINE
  5
14B
330
6C
100
AcDbEntity
 67
     1
  8
G-ANNO-TTLB
100
AcDbLine
 10
751.8590857578336
 20
4.869302888336054
 30
0.0
 11
751.8590857578336
 21
3.869302888336147
 31
0.0
1001
REVIT
1002
{
1070
     1
1000
2355688
1002
}
1002
{
1070
     2
1000
-2000280
1002
}
  0
LINE
  5
14C
330
6C
100
AcDbEntity
 67
     1
  8
G-ANNO-TTLB
100
AcDbLine
 10
752.8590857578337
 20
4.869302888336054
 30
0.0
 11
752.8590857578337
 21
3.869302888336147
 31
0.0
1001
REVIT
1002
{
1070
     1
1000
2355689
1002
}
1002
{
1070
     2
1000
-2000280
1002
}
  0
LINE
  5
14D
330
6C
100
AcDbEntity
 67
     1
  8
G-ANNO-TTLB
100
AcDbLine
 10
753.8590857578338
 20
4.869302888336054
 30
0.0
 11
753.8590857578338
 21
3.869302888336147
 31
0.0
1001
REVIT
1002
{
1070
     1
1000
2355690
1002
}
1002
{
1070
     2
1000
-2000280
1002
}
  0
LINE
  5
14E
330
6C
100
AcDbEntity
 67
     1
  8
G-ANNO-TTLB
100
AcDbLine
 10
748.8590857578339
 20
4.869302888336054
 30
0.0
 11
748.8590857578339
 21
3.869302888336079
 31
0.0
1001
REVIT
1002
{
1070
     1
1000
2355691
1002
}
1002
{
1070
     2
1000
-2000280
1002
}
  0
LINE
  5
14F
330
6C
100
AcDbEntity
 67
     1
  8
G-ANNO-TTLB
100
AcDbLine
 10
747.8590857578335
 20
4.869302888336054
 30
0.0
 11
747.8590857578335
 21
3.869302888336079
 31
0.0
1001
REVIT
1002
{
1070
     1
1000
2355692
1002
}
1002
{
1070
     2
1000
-2000280
1002
}
  0
LINE
  5
150
330
6C
100
AcDbEntity
 67
     1
  8
G-ANNO-TTLB
100
AcDbLine
 10
746.8590857578337
 20
4.869302888336054
 30
0.0
 11
746.8590857578337
 21
3.869302888336079
 31
0.0
1001
REVIT
1002
{
1070
     1
1000
2355693
1002
}
1002
{
1070
     2
1000
-2000280
1002
}
  0
LINE
  5
151
330
6C
100
AcDbEntity
 67
     1
  8
G-ANNO-TTLB
100
AcDbLine
 10
745.8590857578338
 20
4.869302888336054
 30
0.0
 11
745.8590857578338
 21
3.869302888336079
 31
0.0
1001
REVIT
1002
{
1070
     1
1000
2355694
1002
}
1002
{
1070
     2
1000
-2000280
1002
}
  0
LINE
  5
152
330
6C
100
AcDbEntity
 67
     1
  8
G-ANNO-TTLB
100
AcDbLine
 10
760.8590857578337
 20
4.869302888336054
 30
0.0
 11
760.8590857578337
 21
3.869302888336147
 31
0.0
1001
REVIT
1002
{
1070
     1
1000
2355695
1002
}
1002
{
1070
     2
1000
-2000280
1002
}
  0
LINE
  5
153
330
6C
100
AcDbEntity
 67
     1
  8
G-ANNO-TTLB
100
AcDbLine
 10
761.8590857578335
 20
4.869302888336054
 30
0.0
 11
761.8590857578335
 21
3.869302888336147
 31
0.0
1001
REVIT
1002
{
1070
     1
1000
2355696
1002
}
1002
{
1070
     2
1000
-2000280
1002
}
  0
LINE
  5
154
330
6C
100
AcDbEntity
 67
     1
  8
G-ANNO-TTLB
100
AcDbLine
 10
762.8590857578338
 20
4.869302888336054
 30
0.0
 11
762.8590857578338
 21
3.869302888336147
 31
0.0
1001
REVIT
1002
{
1070
     1
1000
2355697
1002
}
1002
{
1070
     2
1000
-2000280
1002
}
  0
LINE
  5
155
330
6C
100
AcDbEntity
 67
     1
  8
G-ANNO-TTLB
100
AcDbLine
 10
763.8590857578337
 20
4.869302888336054
 30
0.0
 11
763.8590857578337
 21
3.869302888336147
 31
0.0
1001
REVIT
1002
{
1070
     1
1000
2355698
1002
}
1002
{
1070
     2
1000
-2000280
1002
}
  0
LINE
  5
156
330
6C
100
AcDbEntity
 67
     1
  8
G-ANNO-TTLB
100
AcDbLine
 10
758.8590857578338
 20
4.869302888336054
 30
0.0
 11
758.8590857578338
 21
3.869302888336079
 31
0.0
1001
REVIT
1002
{
1070
     1
1000
2355699
1002
}
1002
{
1070
     2
1000
-2000280
1002
}
  0
LINE
  5
157
330
6C
100
AcDbEntity
 67
     1
  8
G-ANNO-TTLB
100
AcDbLine
 10
757.8590857578336
 20
4.869302888336054
 30
0.0
 11
757.8590857578336
 21
3.869302888336079
 31
0.0
1001
REVIT
1002
{
1070
     1
1000
2355700
1002
}
1002
{
1070
     2
1000
-2000280
1002
}
  0
LINE
  5
158
330
6C
100
AcDbEntity
 67
     1
  8
G-ANNO-TTLB
100
AcDbLine
 10
756.8590857578336
 20
4.869302888336054
 30
0.0
 11
756.8590857578336
 21
3.869302888336079
 31
0.0
1001
REVIT
1002
{
1070
     1
1000
2355701
1002
}
1002
{
1070
     2
1000
-2000280
1002
}
  0
LINE
  5
159
330
6C
100
AcDbEntity
 67
     1
  8
G-ANNO-TTLB
100
AcDbLine
 10
755.8590857578338
 20
4.869302888336054
 30
0.0
 11
755.8590857578338
 21
3.869302888336079
 31
0.0
1001
REVIT
1002
{
1070
     1
1000
2355702
1002
}
1002
{
1070
     2
1000
-2000280
1002
}
  0
LINE
  5
15A
330
6C
100
AcDbEntity
 67
     1
  8
G-ANNO-TTLB
100
AcDbLine
 10
770.8590857578338
 20
4.869302888336054
 30
0.0
 11
770.8590857578338
 21
3.869302888336147
 31
0.0
1001
REVIT
1002
{
1070
     1
1000
2355703
1002
}
1002
{
1070
     2
1000
-2000280
1002
}
  0
LINE
  5
15B
330
6C
100
AcDbEntity
 67
     1
  8
G-ANNO-TTLB
100
AcDbLine
 10
771.8590857578337
 20
4.869302888336054
 30
0.0
 11
771.8590857578337
 21
3.869302888336147
 31
0.0
1001
REVIT
1002
{
1070
     1
1000
2355704
1002
}
1002
{
1070
     2
1000
-2000280
1002
}
  0
LINE
  5
15C
330
6C
100
AcDbEntity
 67
     1
  8
G-ANNO-TTLB
100
AcDbLine
 10
772.8590857578337
 20
4.869302888336054
 30
0.0
 11
772.8590857578337
 21
3.869302888336147
 31
0.0
1001
REVIT
1002
{
1070
     1
1000
2355705
1002
}
1002
{
1070
     2
1000
-2000280
1002
}
  0
LINE
  5
15D
330
6C
100
AcDbEntity
 67
     1
  8
G-ANNO-TTLB
100
AcDbLine
 10
773.8590857578335
 20
4.869302888336054
 30
0.0
 11
773.8590857578335
 21
3.869302888336147
 31
0.0
1001
REVIT
1002
{
1070
     1
1000
2355706
1002
}
1002
{
1070
     2
1000
-2000280
1002
}
  0
LINE
  5
15E
330
6C
100
AcDbEntity
 67
     1
  8
G-ANNO-TTLB
100
AcDbLine
 10
768.8590857578336
 20
4.869302888336054
 30
0.0
 11
768.8590857578336
 21
3.869302888336079
 31
0.0
1001
REVIT
1002
{
1070
     1
1000
2355707
1002
}
1002
{
1070
     2
1000
-2000280
1002
}
  0
LINE
  5
15F
330
6C
100
AcDbEntity
 67
     1
  8
G-ANNO-TTLB
100
AcDbLine
 10
767.8590857578338
 20
4.869302888336054
 30
0.0
 11
767.8590857578338
 21
3.869302888336079
 31
0.0
1001
REVIT
1002
{
1070
     1
1000
2355708
1002
}
1002
{
1070
     2
1000
-2000280
1002
}
  0
LINE
  5
160
330
6C
100
AcDbEntity
 67
     1
  8
G-ANNO-TTLB
100
AcDbLine
 10
766.8590857578335
 20
4.869302888336054
 30
0.0
 11
766.8590857578335
 21
3.869302888336079
 31
0.0
1001
REVIT
1002
{
1070
     1
1000
2355709
1002
}
1002
{
1070
     2
1000
-2000280
1002
}
  0
LINE
  5
161
330
6C
100
AcDbEntity
 67
     1
  8
G-ANNO-TTLB
100
AcDbLine
 10
765.8590857578338
 20
4.869302888336054
 30
0.0
 11
765.8590857578338
 21
3.869302888336079
 31
0.0
1001
REVIT
1002
{
1070
     1
1000
2355710
1002
}
1002
{
1070
     2
1000
-2000280
1002
}
  0
LINE
  5
162
330
6C
100
AcDbEntity
 67
     1
  8
G-ANNO-TTLB
100
AcDbLine
 10
775.8590857578337
 20
4.869302888336054
 30
0.0
 11
775.8590857578337
 21
3.869302888336079
 31
0.0
1001
REVIT
1002
{
1070
     1
1000
2355711
1002
}
1002
{
1070
     2
1000
-2000280
1002
}
  0
LINE
  5
163
330
6C
100
AcDbEntity
 67
     1
  8
G-ANNO-TTLB
100
AcDbLine
 10
776.8590857578336
 20
4.869302888336054
 30
0.0
 11
776.8590857578336
 21
3.869302888336079
 31
0.0
1001
REVIT
1002
{
1070
     1
1000
2355712
1002
}
1002
{
1070
     2
1000
-2000280
1002
}
  0
LINE
  5
164
330
6C
100
AcDbEntity
 67
     1
  8
G-ANNO-TTLB
100
AcDbLine
 10
777.8590857578337
 20
4.869302888336054
 30
0.0
 11
777.8590857578337
 21
3.869302888336079
 31
0.0
1001
REVIT
1002
{
1070
     1
1000
2355713
1002
}
1002
{
1070
     2
1000
-2000280
1002
}
  0
LINE
  5
165
330
6C
100
AcDbEntity
 67
     1
  8
G-ANNO-TTLB
100
AcDbLine
 10
778.8590857578335
 20
4.869302888336054
 30
0.0
 11
778.8590857578335
 21
3.869302888336079
 31
0.0
1001
REVIT
1002
{
1070
     1
1000
2355714
1002
}
1002
{
1070
     2
1000
-2000280
1002
}
  0
LINE
  5
166
330
6C
100
AcDbEntity
 67
     1
  8
G-ANNO-TTLB
100
AcDbLine
 10
783.8590857578338
 20
4.869302888336054
 30
0.0
 11
783.8590857578338
 21
3.869302888336147
 31
0.0
1001
REVIT
1002
{
1070
     1
1000
2355715
1002
}
1002
{
1070
     2
1000
-2000280
1002
}
  0
LINE
  5
167
330
6C
100
AcDbEntity
 67
     1
  8
G-ANNO-TTLB
100
AcDbLine
 10
782.8590857578336
 20
4.869302888336054
 30
0.0
 11
782.8590857578336
 21
3.869302888336147
 31
0.0
1001
REVIT
1002
{
1070
     1
1000
2355716
1002
}
1002
{
1070
     2
1000
-2000280
1002
}
  0
LINE
  5
168
330
6C
100
AcDbEntity
 67
     1
  8
G-ANNO-TTLB
100
AcDbLine
 10
781.8590857578336
 20
4.869302888336054
 30
0.0
 11
781.8590857578336
 21
3.869302888336147
 31
0.0
1001
REVIT
1002
{
1070
     1
1000
2355717
1002
}
1002
{
1070
     2
1000
-2000280
1002
}
  0
LINE
  5
169
330
6C
100
AcDbEntity
 67
     1
  8
G-ANNO-TTLB
100
AcDbLine
 10
780.8590857578336
 20
4.869302888336054
 30
0.0
 11
780.8590857578336
 21
3.869302888336147
 31
0.0
1001
REVIT
1002
{
1070
     1
1000
2355718
1002
}
1002
{
1070
     2
1000
-2000280
1002
}
  0
LINE
  5
16A
330
6C
100
AcDbEntity
 67
     1
  8
G-ANNO-TTLB
100
AcDbLine
 10
734.8590857578337
 20
2.869302888336103
 30
0.0
 11
734.8590857578337
 21
4.869302888336054
 31
0.0
1001
REVIT
1002
{
1070
     1
1000
2355719
1002
}
1002
{
1070
     2
1000
-2000280
1002
}
  0
LINE
  5
16B
330
6C
100
AcDbEntity
 67
     1
  8
G-ANNO-TTLB
100
AcDbLine
 10
734.8590857578337
 20
4.869302888336054
 30
0.0
 11
834.8590857578338
 21
4.869302888336054
 31
0.0
1001
REVIT
1002
{
1070
     1
1000
2355720
1002
}
1002
{
1070
     2
1000
-2000280
1002
}
  0
LINE
  5
16C
330
6C
100
AcDbEntity
 67
     1
  8
G-ANNO-TTLB
100
AcDbLine
 10
834.8590857578338
 20
4.869302888336054
 30
0.0
 11
834.8590857578338
 21
2.869302888336036
 31
0.0
1001
REVIT
1002
{
1070
     1
1000
2355721
1002
}
1002
{
1070
     2
1000
-2000280
1002
}
  0
LINE
  5
16D
330
6C
100
AcDbEntity
 67
     1
  8
G-ANNO-TTLB
100
AcDbLine
 10
739.8590857578337
 20
4.869302888336054
 30
0.0
 11
739.8590857578337
 21
3.369302888336057
 31
0.0
1001
REVIT
1002
{
1070
     1
1000
2355722
1002
}
1002
{
1070
     2
1000
-2000280
1002
}
  0
LINE
  5
16E
330
6C
100
AcDbEntity
 67
     1
  8
G-ANNO-TTLB
100
AcDbLine
 10
744.8590857578336
 20
4.869302888336054
 30
0.0
 11
744.8590857578336
 21
2.869302888336171
 31
0.0
1001
REVIT
1002
{
1070
     1
1000
2355723
1002
}
1002
{
1070
     2
1000
-2000280
1002
}
  0
LINE
  5
16F
330
6C
100
AcDbEntity
 67
     1
  8
G-ANNO-TTLB
100
AcDbLine
 10
754.8590857578335
 20
4.869302888336054
 30
0.0
 11
754.8590857578335
 21
2.869302888336171
 31
0.0
1001
REVIT
1002
{
1070
     1
1000
2355724
1002
}
1002
{
1070
     2
1000
-2000280
1002
}
  0
LINE
  5
170
330
6C
100
AcDbEntity
 67
     1
  8
G-ANNO-TTLB
100
AcDbLine
 10
749.8590857578336
 20
4.869302888336054
 30
0.0
 11
749.8590857578336
 21
3.369302888336057
 31
0.0
1001
REVIT
1002
{
1070
     1
1000
2355725
1002
}
1002
{
1070
     2
1000
-2000280
1002
}
  0
LINE
  5
171
330
6C
100
AcDbEntity
 67
     1
  8
G-ANNO-TTLB
100
AcDbLine
 10
764.8590857578337
 20
4.869302888336054
 30
0.0
 11
764.8590857578337
 21
2.869302888336171
 31
0.0
1001
REVIT
1002
{
1070
     1
1000
2355726
1002
}
1002
{
1070
     2
1000
-2000280
1002
}
  0
LINE
  5
172
330
6C
100
AcDbEntity
 67
     1
  8
G-ANNO-TTLB
100
AcDbLine
 10
759.8590857578337
 20
4.869302888336054
 30
0.0
 11
759.8590857578337
 21
3.369302888336057
 31
0.0
1001
REVIT
1002
{
1070
     1
1000
2355727
1002
}
1002
{
1070
     2
1000
-2000280
1002
}
  0
LINE
  5
173
330
6C
100
AcDbEntity
 67
     1
  8
G-ANNO-TTLB
100
AcDbLine
 10
774.8590857578339
 20
4.869302888336054
 30
0.0
 11
774.8590857578339
 21
2.869302888336171
 31
0.0
1001
REVIT
1002
{
1070
     1
1000
2355728
1002
}
1002
{
1070
     2
1000
-2000280
1002
}
  0
LINE
  5
174
330
6C
100
AcDbEntity
 67
     1
  8
G-ANNO-TTLB
100
AcDbLine
 10
769.8590857578336
 20
4.869302888336054
 30
0.0
 11
769.8590857578336
 21
3.369302888336057
 31
0.0
1001
REVIT
1002
{
1070
     1
1000
2355729
1002
}
1002
{
1070
     2
1000
-2000280
1002
}
  0
LINE
  5
175
330
6C
100
AcDbEntity
 67
     1
  8
G-ANNO-TTLB
100
AcDbLine
 10
779.8590857578338
 20
4.869302888336054
 30
0.0
 11
779.8590857578338
 21
3.369302888336057
 31
0.0
1001
REVIT
1002
{
1070
     1
1000
2355730
1002
}
1002
{
1070
     2
1000
-2000280
1002
}
  0
LINE
  5
176
330
6C
100
AcDbEntity
 67
     1
  8
G-ANNO-TTLB
100
AcDbLine
 10
784.8590857578337
 20
4.869302888336054
 30
0.0
 11
784.8590857578337
 21
2.869302888336171
 31
0.0
1001
REVIT
1002
{
1070
     1
1000
2355731
1002
}
1002
{
1070
     2
1000
-2000280
1002
}
  0
LINE
  5
177
330
6C
100
AcDbEntity
 67
     1
  8
G-ANNO-TTLB
100
AcDbLine
 10
794.8590857578336
 20
4.869302888336054
 30
0.0
 11
794.8590857578336
 21
2.869302888336171
 31
0.0
1001
REVIT
1002
{
1070
     1
1000
2355732
1002
}
1002
{
1070
     2
1000
-2000280
1002
}
  0
LINE
  5
178
330
6C
100
AcDbEntity
 67
     1
  8
G-ANNO-TTLB
100
AcDbLine
 10
789.8590857578337
 20
4.869302888336054
 30
0.0
 11
789.8590857578337
 21
3.369302888336057
 31
0.0
1001
REVIT
1002
{
1070
     1
1000
2355733
1002
}
1002
{
1070
     2
1000
-2000280
1002
}
  0
LINE
  5
179
330
6C
100
AcDbEntity
 67
     1
  8
G-ANNO-TTLB
100
AcDbLine
 10
804.8590857578336
 20
4.869302888336054
 30
0.0
 11
804.8590857578336
 21
2.869302888336171
 31
0.0
1001
REVIT
1002
{
1070
     1
1000
2355734
1002
}
1002
{
1070
     2
1000
-2000280
1002
}
  0
LINE
  5
17A
330
6C
100
AcDbEntity
 67
     1
  8
G-ANNO-TTLB
100
AcDbLine
 10
799.8590857578336
 20
4.869302888336054
 30
0.0
 11
799.8590857578336
 21
3.369302888336057
 31
0.0
1001
REVIT
1002
{
1070
     1
1000
2355735
1002
}
1002
{
1070
     2
1000
-2000280
1002
}
  0
LINE
  5
17B
330
6C
100
AcDbEntity
 67
     1
  8
G-ANNO-TTLB
100
AcDbLine
 10
814.8590857578337
 20
4.869302888336054
 30
0.0
 11
814.8590857578337
 21
2.869302888336171
 31
0.0
1001
REVIT
1002
{
1070
     1
1000
2355736
1002
}
1002
{
1070
     2
1000
-2000280
1002
}
  0
LINE
  5
17C
330
6C
100
AcDbEntity
 67
     1
  8
G-ANNO-TTLB
100
AcDbLine
 10
809.8590857578338
 20
4.869302888336054
 30
0.0
 11
809.8590857578338
 21
3.369302888336057
 31
0.0
1001
REVIT
1002
{
1070
     1
1000
2355737
1002
}
1002
{
1070
     2
1000
-2000280
1002
}
  0
LINE
  5
17D
330
6C
100
AcDbEntity
 67
     1
  8
G-ANNO-TTLB
100
AcDbLine
 10
824.8590857578339
 20
4.869302888336054
 30
0.0
 11
824.8590857578339
 21
2.869302888336171
 31
0.0
1001
REVIT
1002
{
1070
     1
1000
2355738
1002
}
1002
{
1070
     2
1000
-2000280
1002
}
  0
LINE
  5
17E
330
6C
100
AcDbEntity
 67
     1
  8
G-ANNO-TTLB
100
AcDbLine
 10
819.8590857578336
 20
4.869302888336054
 30
0.0
 11
819.8590857578336
 21
3.369302888336057
 31
0.0
1001
REVIT
1002
{
1070
     1
1000
2355739
1002
}
1002
{
1070
     2
1000
-2000280
1002
}
  0
LINE
  5
17F
330
6C
100
AcDbEntity
 67
     1
  8
G-ANNO-TTLB
100
AcDbLine
 10
829.8590857578339
 20
4.869302888336054
 30
0.0
 11
829.8590857578339
 21
3.369302888336057
 31
0.0
1001
REVIT
1002
{
1070
     1
1000
2355740
1002
}
1002
{
1070
     2
1000
-2000280
1002
}
  0
MTEXT
  5
180
330
6C
100
AcDbEntity
 67
     1
  8
G-ANNO-TEXT
 62
     7
370
    50
100
AcDbMText
 10
734.1990857578336
 20
3.562127576463174
 30
0.0
 40
2.0
 41
1.539239999999999
 46
0.0
 71
     1
 72
     1
  1
0
  7
Arial
 73
     2
 44
1.0
1001
REVIT
1002
{
1070
     1
1000
2355741
1002
}
1002
{
1070
     5
1000
2355598
1002
}
1002
{
1070
     2
1000
-2000300
1002
}
  0
MTEXT
  5
181
330
6C
100
AcDbEntity
 67
     1
  8
G-ANNO-TEXT
 62
     7
370
    50
100
AcDbMText
 10
743.5630857578334
 20
3.562127576463293
 30
0.0
 40
2.0
 41
3.078479999999999
 46
0.0
 71
     1
 72
     1
  1
10
  7
Arial
 73
     2
 44
1.0
1001
REVIT
1002
{
1070
     1
1000
2355742
1002
}
1002
{
1070
     5
1000
2355598
1002
}
1002
{
1070
     2
1000
-2000300
1002
}
  0
MTEXT
  5
182
330
6C
100
AcDbEntity
 67
     1
  8
G-ANNO-TEXT
 62
     7
370
    50
100
AcDbMText
 10
753.5630857578333
 20
3.562127576463293
 30
0.0
 40
2.0
 41
3.078479999999999
 46
0.0
 71
     1
 72
     1
  1
20
  7
Arial
 73
     2
 44
1.0
1001
REVIT
1002
{
1070
     1
1000
2355743
1002
}
1002
{
1070
     5
1000
2355598
1002
}
1002
{
1070
     2
1000
-2000300
1002
}
  0
MTEXT
  5
183
330
6C
100
AcDbEntity
 67
     1
  8
G-ANNO-TEXT
 62
     7
370
    50
100
AcDbMText
 10
773.5630857578336
 20
3.562127576463411
 30
0.0
 40
2.0
 41
3.078479999999999
 46
0.0
 71
     1
 72
     1
  1
40
  7
Arial
 73
     2
 44
1.0
1001
REVIT
1002
{
1070
     1
1000
2355744
1002
}
1002
{
1070
     5
1000
2355598
1002
}
1002
{
1070
     2
1000
-2000300
1002
}
  0
MTEXT
  5
184
330
6C
100
AcDbEntity
 67
     1
  8
G-ANNO-TEXT
 62
     7
370
    50
100
AcDbMText
 10
763.5630857578335
 20
3.562127576463403
 30
0.0
 40
2.0
 41
3.078479999999999
 46
0.0
 71
     1
 72
     1
  1
30
  7
Arial
 73
     2
 44
1.0
1001
REVIT
1002
{
1070
     1
1000
2355745
1002
}
1002
{
1070
     5
1000
2355598
1002
}
1002
{
1070
     2
1000
-2000300
1002
}
  0
MTEXT
  5
185
330
6C
100
AcDbEntity
 67
     1
  8
G-ANNO-TEXT
 62
     7
370
    50
100
AcDbMText
 10
783.5630857578335
 20
3.562127576463411
 30
0.0
 40
2.0
 41
3.078479999999999
 46
0.0
 71
     1
 72
     1
  1
50
  7
Arial
 73
     2
 44
1.0
1001
REVIT
1002
{
1070
     1
1000
2355746
1002
}
1002
{
1070
     5
1000
2355598
1002
}
1002
{
1070
     2
1000
-2000300
1002
}
  0
MTEXT
  5
186
330
6C
100
AcDbEntity
 67
     1
  8
G-ANNO-TEXT
 62
     7
370
    50
100
AcDbMText
 10
832.9270857578334
 20
3.562127576463301
 30
0.0
 40
2.0
 41
4.61772
 46
0.0
 71
     1
 72
     1
  1
100
  7
Arial
 73
     2
 44
1.0
1001
REVIT
1002
{
1070
     1
1000
2355747
1002
}
1002
{
1070
     5
1000
2355598
1002
}
1002
{
1070
     2
1000
-2000300
1002
}
  0
MTEXT
  5
187
330
6C
100
AcDbEntity
 67
     1
  8
G-ANNO-TEXT
 62
     7
370
    50
100
AcDbMText
 10
813.5630857578334
 20
3.562127576463314
 30
0.0
 40
2.0
 41
3.078479999999999
 46
0.0
 71
     1
 72
     1
  1
80
  7
Arial
 73
     2
 44
1.0
1001
REVIT
1002
{
1070
     1
1000
2355748
1002
}
1002
{
1070
     5
1000
2355598
1002
}
1002
{
1070
     2
1000
-2000300
1002
}
  0
LINE
  5
188
330
6C
100
AcDbEntity
 67
     1
  8
G-ANNO-TTLB
370
    50
100
AcDbLine
 10
11.85908575783599
 20
62.68748470651755
 30
0.0
 11
5.859085757835059
 21
62.68748470651755
 31
0.0
1001
REVIT
1002
{
1070
     1
1000
2355749
1002
}
1002
{
1070
     2
1000
-2000280
1002
}
1002
{
1070
     3
1000
2352702
1002
}
  0
LINE
  5
189
330
6C
100
AcDbEntity
 67
     1
  8
G-ANNO-TTLB
370
    50
100
AcDbLine
 10
11.85908575783599
 20
114.505666524699
 30
0.0
 11
5.859085757835059
 21
114.505666524699
 31
0.0
1001
REVIT
1002
{
1070
     1
1000
2355750
1002
}
1002
{
1070
     2
1000
-2000280
1002
}
1002
{
1070
     3
1000
2352702
1002
}
  0
LINE
  5
18A
330
6C
100
AcDbEntity
 67
     1
  8
G-ANNO-TTLB
370
    50
100
AcDbLine
 10
11.85908575783599
 20
166.3238483428805
 30
0.0
 11
5.859085757835059
 21
166.3238483428805
 31
0.0
1001
REVIT
1002
{
1070
     1
1000
2355751
1002
}
1002
{
1070
     2
1000
-2000280
1002
}
1002
{
1070
     3
1000
2352702
1002
}
  0
LINE
  5
18B
330
6C
100
AcDbEntity
 67
     1
  8
G-ANNO-TTLB
370
    50
100
AcDbLine
 10
11.85908575783599
 20
218.142030161062
 30
0.0
 11
5.859085757835059
 21
218.142030161062
 31
0.0
1001
REVIT
1002
{
1070
     1
1000
2355752
1002
}
1002
{
1070
     2
1000
-2000280
1002
}
1002
{
1070
     3
1000
2352702
1002
}
  0
LINE
  5
18C
330
6C
100
AcDbEntity
 67
     1
  8
G-ANNO-TTLB
370
    50
100
AcDbLine
 10
11.85908575783599
 20
269.9602119792435
 30
0.0
 11
5.859085757835059
 21
269.9602119792435
 31
0.0
1001
REVIT
1002
{
1070
     1
1000
2355753
1002
}
1002
{
1070
     2
1000
-2000280
1002
}
1002
{
1070
     3
1000
2352702
1002
}
  0
LINE
  5
18D
330
6C
100
AcDbEntity
 67
     1
  8
G-ANNO-TTLB
370
    50
100
AcDbLine
 10
11.85908575783599
 20
321.778393797425
 30
0.0
 11
5.859085757835059
 21
321.778393797425
 31
0.0
1001
REVIT
1002
{
1070
     1
1000
2355754
1002
}
1002
{
1070
     2
1000
-2000280
1002
}
1002
{
1070
     3
1000
2352702
1002
}
  0
LINE
  5
18E
330
6C
100
AcDbEntity
 67
     1
  8
G-ANNO-TTLB
370
    50
100
AcDbLine
 10
11.85908575783599
 20
373.5965756156064
 30
0.0
 11
5.859085757835059
 21
373.5965756156064
 31
0.0
1001
REVIT
1002
{
1070
     1
1000
2355755
1002
}
1002
{
1070
     2
1000
-2000280
1002
}
1002
{
1070
     3
1000
2352702
1002
}
  0
LINE
  5
18F
330
6C
100
AcDbEntity
 67
     1
  8
G-ANNO-TTLB
370
    50
100
AcDbLine
 10
11.85908575783599
 20
425.4147574337879
 30
0.0
 11
5.859085757835059
 21
425.4147574337879
 31
0.0
1001
REVIT
1002
{
1070
     1
1000
2355756
1002
}
1002
{
1070
     2
1000
-2000280
1002
}
1002
{
1070
     3
1000
2352702
1002
}
  0
LINE
  5
190
330
6C
100
AcDbEntity
 67
     1
  8
G-ANNO-TTLB
370
    50
100
AcDbLine
 10
11.85908575783599
 20
477.2329392519694
 30
0.0
 11
5.859085757835059
 21
477.2329392519694
 31
0.0
1001
REVIT
1002
{
1070
     1
1000
2355757
1002
}
1002
{
1070
     2
1000
-2000280
1002
}
1002
{
1070
     3
1000
2352702
1002
}
  0
LINE
  5
191
330
6C
100
AcDbEntity
 67
     1
  8
G-ANNO-TTLB
370
    50
100
AcDbLine
 10
11.85908575783599
 20
529.0511210701509
 30
0.0
 11
5.859085757835059
 21
529.0511210701509
 31
0.0
1001
REVIT
1002
{
1070
     1
1000
2355758
1002
}
1002
{
1070
     2
1000
-2000280
1002
}
1002
{
1070
     3
1000
2352702
1002
}
  0
MTEXT
  5
192
330
6C
100
AcDbEntity
 67
     1
  8
G-ANNO-TEXT
 62
     7
370
    50
100
AcDbMText
 10
7.368902141442203
 20
556.5230223312333
 30
0.0
 40
3.0
 41
2.757804999999999
 46
0.0
 71
     1
 72
     1
  1
A
  7
Arial_4
 73
     2
 44
1.0
1001
REVIT
1002
{
1070
     1
1000
2355759
1002
}
1002
{
1070
     5
1000
2355593
1002
}
1002
{
1070
     2
1000
-2000300
1002
}
  0
MTEXT
  5
193
330
6C
100
AcDbEntity
 67
     1
  8
G-ANNO-TEXT
 62
     7
370
    50
100
AcDbMText
 10
7.368902141442119
 20
504.7048405130519
 30
0.0
 40
3.0
 41
2.757804999999999
 46
0.0
 71
     1
 72
     1
  1
B
  7
Arial_4
 73
     2
 44
1.0
1001
REVIT
1002
{
1070
     1
1000
2355760
1002
}
1002
{
1070
     5
1000
2355593
1002
}
1002
{
1070
     2
1000
-2000300
1002
}
  0
MTEXT
  5
194
330
6C
100
AcDbEntity
 67
     1
  8
G-ANNO-TEXT
 62
     7
370
    50
100
AcDbMText
 10
7.315985474775366
 20
452.8866586948703
 30
0.0
 40
3.0
 41
2.950209999999998
 46
0.0
 71
     1
 72
     1
  1
C
  7
Arial_4
 73
     2
 44
1.0
1001
REVIT
1002
{
1070
     1
1000
2355761
1002
}
1002
{
1070
     5
1000
2355593
1002
}
1002
{
1070
     2
1000
-2000300
1002
}
  0
MTEXT
  5
195
330
6C
100
AcDbEntity
 67
     1
  8
G-ANNO-TEXT
 62
     7
370
    50
100
AcDbMText
 10
7.315985474775284
 20
401.0684768766888
 30
0.0
 40
3.0
 41
2.950209999999998
 46
0.0
 71
     1
 72
     1
  1
D
  7
Arial_4
 73
     2
 44
1.0
1001
REVIT
1002
{
1070
     1
1000
2355762
1002
}
1002
{
1070
     5
1000
2355593
1002
}
1002
{
1070
     2
1000
-2000300
1002
}
  0
MTEXT
  5
196
330
6C
100
AcDbEntity
 67
     1
  8
G-ANNO-TEXT
 62
     7
370
    50
100
AcDbMText
 10
7.36890214144187
 20
349.2502950585075
 30
0.0
 40
3.0
 41
2.757804999999999
 46
0.0
 71
     1
 72
     1
  1
E
  7
Arial_4
 73
     2
 44
1.0
1001
REVIT
1002
{
1070
     1
1000
2355763
1002
}
1002
{
1070
     5
1000
2355593
1002
}
1002
{
1070
     2
1000
-2000300
1002
}
  0
MTEXT
  5
197
330
6C
100
AcDbEntity
 67
     1
  8
G-ANNO-TEXT
 62
     7
370
    50
100
AcDbMText
 10
7.474735474775116
 20
297.432113240326
 30
0.0
 40
3.0
 41
2.501265
 46
0.0
 71
     1
 72
     1
  1
F
  7
Arial_4
 73
     2
 44
1.0
1001
REVIT
1002
{
1070
     1
1000
2355764
1002
}
1002
{
1070
     5
1000
2355593
1002
}
1002
{
1070
     2
1000
-2000300
1002
}
  0
MTEXT
  5
198
330
6C
100
AcDbEntity
 67
     1
  8
G-ANNO-TEXT
 62
     7
370
    50
100
AcDbMText
 10
7.2101521414417
 20
245.6139314221445
 30
0.0
 40
3.0
 41
3.20675
 46
0.0
 71
     1
 72
     1
  1
G
  7
Arial_4
 73
     2
 44
1.0
1001
REVIT
1002
{
1070
     1
1000
2355765
1002
}
1002
{
1070
     5
1000
2355593
1002
}
1002
{
1070
     2
1000
-2000300
1002
}
  0
MTEXT
  5
199
330
6C
100
AcDbEntity
 67
     1
  8
G-ANNO-TEXT
 62
     7
370
    50
100
AcDbMText
 10
7.315985474774949
 20
193.795749603963
 30
0.0
 40
3.0
 41
2.950209999999998
 46
0.0
 71
     1
 72
     1
  1
H
  7
Arial_4
 73
     2
 44
1.0
1001
REVIT
1002
{
1070
     1
1000
2355766
1002
}
1002
{
1070
     5
1000
2355593
1002
}
1002
{
1070
     2
1000
-2000300
1002
}
  0
MTEXT
  5
19A
330
6C
100
AcDbEntity
 67
     1
  8
G-ANNO-TEXT
 62
     7
370
    50
100
AcDbMText
 10
8.056818808108204
 20
141.9775677857815
 30
0.0
 40
3.0
 41
1.15443
 46
0.0
 71
     1
 72
     1
  1
I
  7
Arial_4
 73
     2
 44
1.0
1001
REVIT
1002
{
1070
     1
1000
2355767
1002
}
1002
{
1070
     5
1000
2355593
1002
}
1002
{
1070
     2
1000
-2000300
1002
}
  0
MTEXT
  5
19B
330
6C
100
AcDbEntity
 67
     1
  8
G-ANNO-TEXT
 62
     7
370
    50
100
AcDbMText
 10
7.686402141441444
 20
90.15938596760006
 30
0.0
 40
3.0
 41
2.052319999999999
 46
0.0
 71
     1
 72
     1
  1
J
  7
Arial_4
 73
     2
 44
1.0
1001
REVIT
1002
{
1070
     1
1000
2355768
1002
}
1002
{
1070
     5
1000
2355593
1002
}
1002
{
1070
     2
1000
-2000300
1002
}
  0
LINE
  5
19C
330
6C
100
AcDbEntity
 67
     1
  8
G-ANNO-TTLB
370
    50
100
AcDbLine
 10
93.55908575783599
 20
580.8693028883324
 30
0.0
 11
93.55908575783601
 21
586.8693028883324
 31
0.0
1001
REVIT
1002
{
1070
     1
1000
2355769
1002
}
1002
{
1070
     2
1000
-2000280
1002
}
1002
{
1070
     3
1000
2352702
1002
}
  0
LINE
  5
19D
330
6C
100
AcDbEntity
 67
     1
  8
G-ANNO-TTLB
370
    50
100
AcDbLine
 10
175.259085757836
 20
580.8693028883324
 30
0.0
 11
175.259085757836
 21
586.8693028883324
 31
0.0
1001
REVIT
1002
{
1070
     1
1000
2355770
1002
}
1002
{
1070
     2
1000
-2000280
1002
}
1002
{
1070
     3
1000
2352702
1002
}
  0
LINE
  5
19E
330
6C
100
AcDbEntity
 67
     1
  8
G-ANNO-TTLB
370
    50
100
AcDbLine
 10
256.959085757836
 20
580.8693028883324
 30
0.0
 11
256.959085757836
 21
586.8693028883324
 31
0.0
1001
REVIT
1002
{
1070
     1
1000
2355771
1002
}
1002
{
1070
     2
1000
-2000280
1002
}
1002
{
1070
     3
1000
2352702
1002
}
  0
LINE
  5
19F
330
6C
100
AcDbEntity
 67
     1
  8
G-ANNO-TTLB
370
    50
100
AcDbLine
 10
338.659085757836
 20
580.8693028883324
 30
0.0
 11
338.659085757836
 21
586.8693028883324
 31
0.0
1001
REVIT
1002
{
1070
     1
1000
2355772
1002
}
1002
{
1070
     2
1000
-2000280
1002
}
1002
{
1070
     3
1000
2352702
1002
}
  0
LINE
  5
1A0
330
6C
100
AcDbEntity
 67
     1
  8
G-ANNO-TTLB
370
    50
100
AcDbLine
 10
420.359085757836
 20
580.8693028883324
 30
0.0
 11
420.359085757836
 21
586.8693028883324
 31
0.0
1001
REVIT
1002
{
1070
     1
1000
2355773
1002
}
1002
{
1070
     2
1000
-2000280
1002
}
1002
{
1070
     3
1000
2352702
1002
}
  0
LINE
  5
1A1
330
6C
100
AcDbEntity
 67
     1
  8
G-ANNO-TTLB
370
    50
100
AcDbLine
 10
502.0590857578359
 20
580.8693028883324
 30
0.0
 11
502.0590857578359
 21
586.8693028883324
 31
0.0
1001
REVIT
1002
{
1070
     1
1000
2355774
1002
}
1002
{
1070
     2
1000
-2000280
1002
}
1002
{
1070
     3
1000
2352702
1002
}
  0
LINE
  5
1A2
330
6C
100
AcDbEntity
 67
     1
  8
G-ANNO-TTLB
370
    50
100
AcDbLine
 10
583.7590857578359
 20
580.8693028883324
 30
0.0
 11
583.7590857578359
 21
586.8693028883324
 31
0.0
1001
REVIT
1002
{
1070
     1
1000
2355775
1002
}
1002
{
1070
     2
1000
-2000280
1002
}
1002
{
1070
     3
1000
2352702
1002
}
  0
LINE
  5
1A3
330
6C
100
AcDbEntity
 67
     1
  8
G-ANNO-TTLB
370
    50
100
AcDbLine
 10
665.4590857578358
 20
580.8693028883324
 30
0.0
 11
665.4590857578358
 21
586.8693028883324
 31
0.0
1001
REVIT
1002
{
1070
     1
1000
2355776
1002
}
1002
{
1070
     2
1000
-2000280
1002
}
1002
{
1070
     3
1000
2352702
1002
}
  0
LINE
  5
1A4
330
6C
100
AcDbEntity
 67
     1
  8
G-ANNO-TTLB
370
    50
100
AcDbLine
 10
747.1590857578359
 20
580.8693028883324
 30
0.0
 11
747.1590857578359
 21
586.8693028883324
 31
0.0
1001
REVIT
1002
{
1070
     1
1000
2355777
1002
}
1002
{
1070
     2
1000
-2000280
1002
}
1002
{
1070
     3
1000
2352702
1002
}
  0
MTEXT
  5
1A5
330
6C
100
AcDbEntity
 67
     1
  8
G-ANNO-TEXT
 62
     7
370
    50
100
AcDbMText
 10
133.5916271284585
 20
585.449549148833
 30
0.0
 40
3.0
 41
2.308859999999999
 46
0.0
 71
     1
 72
     1
  1
2
  7
Arial_4
 73
     2
 44
1.0
1001
REVIT
1002
{
1070
     1
1000
2355778
1002
}
1002
{
1070
     5
1000
2355593
1002
}
1002
{
1070
     2
1000
-2000300
1002
}
  0
MTEXT
  5
1A6
330
6C
100
AcDbEntity
 67
     1
  8
G-ANNO-TEXT
 62
     7
370
    50
100
AcDbMText
 10
51.89162712845851
 20
585.4495491488332
 30
0.0
 40
3.0
 41
2.308859999999999
 46
0.0
 71
     1
 72
     1
  1
1
  7
Arial_4
 73
     2
 44
1.0
1001
REVIT
1002
{
1070
     1
1000
2355779
1002
}
1002
{
1070
     5
1000
2355593
1002
}
1002
{
1070
     2
1000
-2000300
1002
}
  0
MTEXT
  5
1A7
330
6C
100
AcDbEntity
 67
     1
  8
G-ANNO-TEXT
 62
     7
370
    50
100
AcDbMText
 10
215.2916271284585
 20
585.4495491488327
 30
0.0
 40
3.0
 41
2.308859999999999
 46
0.0
 71
     1
 72
     1
  1
3
  7
Arial_4
 73
     2
 44
1.0
1001
REVIT
1002
{
1070
     1
1000
2355780
1002
}
1002
{
1070
     5
1000
2355593
1002
}
1002
{
1070
     2
1000
-2000300
1002
}
  0
MTEXT
  5
1A8
330
6C
100
AcDbEntity
 67
     1
  8
G-ANNO-TEXT
 62
     7
370
    50
100
AcDbMText
 10
296.9916271284585
 20
585.4495491488324
 30
0.0
 40
3.0
 41
2.308859999999999
 46
0.0
 71
     1
 72
     1
  1
4
  7
Arial_4
 73
     2
 44
1.0
1001
REVIT
1002
{
1070
     1
1000
2355781
1002
}
1002
{
1070
     5
1000
2355593
1002
}
1002
{
1070
     2
1000
-2000300
1002
}
  0
MTEXT
  5
1A9
330
6C
100
AcDbEntity
 67
     1
  8
G-ANNO-TEXT
 62
     7
370
    50
100
AcDbMText
 10
378.6916271284585
 20
585.4495491488322
 30
0.0
 40
3.0
 41
2.308859999999999
 46
0.0
 71
     1
 72
     1
  1
5
  7
Arial_4
 73
     2
 44
1.0
1001
REVIT
1002
{
1070
     1
1000
2355782
1002
}
1002
{
1070
     5
1000
2355593
1002
}
1002
{
1070
     2
1000
-2000300
1002
}
  0
MTEXT
  5
1AA
330
6C
100
AcDbEntity
 67
     1
  8
G-ANNO-TEXT
 62
     7
370
    50
100
AcDbMText
 10
460.3916271284584
 20
585.4495491488319
 30
0.0
 40
3.0
 41
2.308859999999999
 46
0.0
 71
     1
 72
     1
  1
6
  7
Arial_4
 73
     2
 44
1.0
1001
REVIT
1002
{
1070
     1
1000
2355783
1002
}
1002
{
1070
     5
1000
2355593
1002
}
1002
{
1070
     2
1000
-2000300
1002
}
  0
MTEXT
  5
1AB
330
6C
100
AcDbEntity
 67
     1
  8
G-ANNO-TEXT
 62
     7
370
    50
100
AcDbMText
 10
542.0916271284584
 20
585.4495491488316
 30
0.0
 40
3.0
 41
2.308859999999999
 46
0.0
 71
     1
 72
     1
  1
7
  7
Arial_4
 73
     2
 44
1.0
1001
REVIT
1002
{
1070
     1
1000
2355784
1002
}
1002
{
1070
     5
1000
2355593
1002
}
1002
{
1070
     2
1000
-2000300
1002
}
  0
MTEXT
  5
1AC
330
6C
100
AcDbEntity
 67
     1
  8
G-ANNO-TEXT
 62
     7
370
    50
100
AcDbMText
 10
623.7916271284584
 20
585.4495491488314
 30
0.0
 40
3.0
 41
2.308859999999999
 46
0.0
 71
     1
 72
     1
  1
8
  7
Arial_4
 73
     2
 44
1.0
1001
REVIT
1002
{
1070
     1
1000
2355785
1002
}
1002
{
1070
     5
1000
2355593
1002
}
1002
{
1070
     2
1000
-2000300
1002
}
  0
MTEXT
  5
1AD
330
6C
100
AcDbEntity
 67
     1
  8
G-ANNO-TEXT
 62
     7
370
    50
100
AcDbMText
 10
705.4916271284583
 20
585.4495491488311
 30
0.0
 40
3.0
 41
2.308859999999999
 46
0.0
 71
     1
 72
     1
  1
9
  7
Arial_4
 73
     2
 44
1.0
1001
REVIT
1002
{
1070
     1
1000
2355786
1002
}
1002
{
1070
     5
1000
2355593
1002
}
1002
{
1070
     2
1000
-2000300
1002
}
  0
MTEXT
  5
1AE
330
6C
100
AcDbEntity
 67
     1
  8
G-ANNO-TEXT
 62
     7
370
    50
100
AcDbMText
 10
786.2391271284583
 20
585.4495491488308
 30
0.0
 40
3.0
 41
4.61772
 46
0.0
 71
     1
 72
     1
  1
10
  7
Arial_4
 73
     2
 44
1.0
1001
REVIT
1002
{
1070
     1
1000
2355787
1002
}
1002
{
1070
     5
1000
2355593
1002
}
1002
{
1070
     2
1000
-2000300
1002
}
  0
LINE
  5
1AF
330
6C
100
AcDbEntity
 67
     1
  8
G-ANNO-TTLB
370
    50
100
AcDbLine
 10
93.55908575783505
 20
4.869302888336054
 30
0.0
 11
93.55908575783507
 21
10.86930288833604
 31
0.0
1001
REVIT
1002
{
1070
     1
1000
2355788
1002
}
1002
{
1070
     2
1000
-2000280
1002
}
1002
{
1070
     3
1000
2352702
1002
}
  0
LINE
  5
1B0
330
6C
100
AcDbEntity
 67
     1
  8
G-ANNO-TTLB
370
    50
100
AcDbLine
 10
175.259085757835
 20
4.869302888336054
 30
0.0
 11
175.2590857578351
 21
10.86930288833604
 31
0.0
1001
REVIT
1002
{
1070
     1
1000
2355789
1002
}
1002
{
1070
     2
1000
-2000280
1002
}
1002
{
1070
     3
1000
2352702
1002
}
  0
LINE
  5
1B1
330
6C
100
AcDbEntity
 67
     1
  8
G-ANNO-TTLB
370
    50
100
AcDbLine
 10
256.9590857578351
 20
4.869302888336054
 30
0.0
 11
256.9590857578351
 21
10.86930288833604
 31
0.0
1001
REVIT
1002
{
1070
     1
1000
2355790
1002
}
1002
{
1070
     2
1000
-2000280
1002
}
1002
{
1070
     3
1000
2352702
1002
}
  0
LINE
  5
1B2
330
6C
100
AcDbEntity
 67
     1
  8
G-ANNO-TTLB
370
    50
100
AcDbLine
 10
338.659085757835
 20
4.869302888336054
 30
0.0
 11
338.659085757835
 21
10.86930288833604
 31
0.0
1001
REVIT
1002
{
1070
     1
1000
2355791
1002
}
1002
{
1070
     2
1000
-2000280
1002
}
1002
{
1070
     3
1000
2352702
1002
}
  0
LINE
  5
1B3
330
6C
100
AcDbEntity
 67
     1
  8
G-ANNO-TTLB
370
    50
100
AcDbLine
 10
420.359085757835
 20
4.869302888336054
 30
0.0
 11
420.359085757835
 21
10.86930288833604
 31
0.0
1001
REVIT
1002
{
1070
     1
1000
2355792
1002
}
1002
{
1070
     2
1000
-2000280
1002
}
1002
{
1070
     3
1000
2352702
1002
}
  0
LINE
  5
1B4
330
6C
100
AcDbEntity
 67
     1
  8
G-ANNO-TTLB
370
    50
100
AcDbLine
 10
502.0590857578349
 20
4.869302888336054
 30
0.0
 11
502.0590857578349
 21
10.86930288833604
 31
0.0
1001
REVIT
1002
{
1070
     1
1000
2355793
1002
}
1002
{
1070
     2
1000
-2000280
1002
}
1002
{
1070
     3
1000
2352702
1002
}
  0
LINE
  5
1B5
330
6C
100
AcDbEntity
 67
     1
  8
G-ANNO-TTLB
370
    50
100
AcDbLine
 10
583.759085757835
 20
4.869302888336054
 30
0.0
 11
583.759085757835
 21
10.86930288833604
 31
0.0
1001
REVIT
1002
{
1070
     1
1000
2355794
1002
}
1002
{
1070
     2
1000
-2000280
1002
}
1002
{
1070
     3
1000
2352702
1002
}
  0
LINE
  5
1B6
330
6C
100
AcDbEntity
 67
     1
  8
G-ANNO-TTLB
370
    50
100
AcDbLine
 10
665.4590857578349
 20
4.869302888336054
 30
0.0
 11
665.4590857578349
 21
10.86930288833604
 31
0.0
1001
REVIT
1002
{
1070
     1
1000
2355795
1002
}
1002
{
1070
     2
1000
-2000280
1002
}
1002
{
1070
     3
1000
2352702
1002
}
  0
LINE
  5
1B7
330
6C
100
AcDbEntity
 67
     1
  8
G-ANNO-TTLB
370
    50
100
AcDbLine
 10
747.1590857578348
 20
4.869302888336054
 30
0.0
 11
747.1590857578348
 21
10.86930288833604
 31
0.0
1001
REVIT
1002
{
1070
     1
1000
2355796
1002
}
1002
{
1070
     2
1000
-2000280
1002
}
1002
{
1070
     3
1000
2352702
1002
}
  0
MTEXT
  5
1B8
330
6C
100
AcDbEntity
 67
     1
  8
G-ANNO-TEXT
 62
     7
370
    50
100
AcDbMText
 10
133.5916271284575
 20
9.449549148836638
 30
0.0
 40
3.0
 41
2.308859999999999
 46
0.0
 71
     1
 72
     1
  1
2
  7
Arial_4
 73
     2
 44
1.0
1001
REVIT
1002
{
1070
     1
1000
2355797
1002
}
1002
{
1070
     5
1000
2355593
1002
}
1002
{
1070
     2
1000
-2000300
1002
}
  0
MTEXT
  5
1B9
330
6C
100
AcDbEntity
 67
     1
  8
G-ANNO-TEXT
 62
     7
370
    50
100
AcDbMText
 10
51.89162712845756
 20
9.449549148836908
 30
0.0
 40
3.0
 41
2.308859999999999
 46
0.0
 71
     1
 72
     1
  1
1
  7
Arial_4
 73
     2
 44
1.0
1001
REVIT
1002
{
1070
     1
1000
2355798
1002
}
1002
{
1070
     5
1000
2355593
1002
}
1002
{
1070
     2
1000
-2000300
1002
}
  0
MTEXT
  5
1BA
330
6C
100
AcDbEntity
 67
     1
  8
G-ANNO-TEXT
 62
     7
370
    50
100
AcDbMText
 10
215.2916271284576
 20
9.449549148836366
 30
0.0
 40
3.0
 41
2.308859999999999
 46
0.0
 71
     1
 72
     1
  1
3
  7
Arial_4
 73
     2
 44
1.0
1001
REVIT
1002
{
1070
     1
1000
2355799
1002
}
1002
{
1070
     5
1000
2355593
1002
}
1002
{
1070
     2
1000
-2000300
1002
}
  0
MTEXT
  5
1BB
330
6C
100
AcDbEntity
 67
     1
  8
G-ANNO-TEXT
 62
     7
370
    50
100
AcDbMText
 10
296.9916271284576
 20
9.449549148836096
 30
0.0
 40
3.0
 41
2.308859999999999
 46
0.0
 71
     1
 72
     1
  1
4
  7
Arial_4
 73
     2
 44
1.0
1001
REVIT
1002
{
1070
     1
1000
2355800
1002
}
1002
{
1070
     5
1000
2355593
1002
}
1002
{
1070
     2
1000
-2000300
1002
}
  0
MTEXT
  5
1BC
330
6C
100
AcDbEntity
 67
     1
  8
G-ANNO-TEXT
 62
     7
370
    50
100
AcDbMText
 10
378.6916271284575
 20
9.449549148835826
 30
0.0
 40
3.0
 41
2.308859999999999
 46
0.0
 71
     1
 72
     1
  1
5
  7
Arial_4
 73
     2
 44
1.0
1001
REVIT
1002
{
1070
     1
1000
2355801
1002
}
1002
{
1070
     5
1000
2355593
1002
}
1002
{
1070
     2
1000
-2000300
1002
}
  0
MTEXT
  5
1BD
330
6C
100
AcDbEntity
 67
     1
  8
G-ANNO-TEXT
 62
     7
370
    50
100
AcDbMText
 10
460.3916271284575
 20
9.449549148835554
 30
0.0
 40
3.0
 41
2.308859999999999
 46
0.0
 71
     1
 72
     1
  1
6
  7
Arial_4
 73
     2
 44
1.0
1001
REVIT
1002
{
1070
     1
1000
2355802
1002
}
1002
{
1070
     5
1000
2355593
1002
}
1002
{
1070
     2
1000
-2000300
1002
}
  0
MTEXT
  5
1BE
330
6C
100
AcDbEntity
 67
     1
  8
G-ANNO-TEXT
 62
     7
370
    50
100
AcDbMText
 10
542.0916271284575
 20
9.449549148835284
 30
0.0
 40
3.0
 41
2.308859999999999
 46
0.0
 71
     1
 72
     1
  1
7
  7
Arial_4
 73
     2
 44
1.0
1001
REVIT
1002
{
1070
     1
1000
2355803
1002
}
1002
{
1070
     5
1000
2355593
1002
}
1002
{
1070
     2
1000
-2000300
1002
}
  0
MTEXT
  5
1BF
330
6C
100
AcDbEntity
 67
     1
  8
G-ANNO-TEXT
 62
     7
370
    50
100
AcDbMText
 10
623.7916271284575
 20
9.449549148835012
 30
0.0
 40
3.0
 41
2.308859999999999
 46
0.0
 71
     1
 72
     1
  1
8
  7
Arial_4
 73
     2
 44
1.0
1001
REVIT
1002
{
1070
     1
1000
2355804
1002
}
1002
{
1070
     5
1000
2355593
1002
}
1002
{
1070
     2
1000
-2000300
1002
}
  0
MTEXT
  5
1C0
330
6C
100
AcDbEntity
 67
     1
  8
G-ANNO-TEXT
 62
     7
370
    50
100
AcDbMText
 10
705.4916271284574
 20
9.449549148834742
 30
0.0
 40
3.0
 41
2.308859999999999
 46
0.0
 71
     1
 72
     1
  1
9
  7
Arial_4
 73
     2
 44
1.0
1001
REVIT
1002
{
1070
     1
1000
2355805
1002
}
1002
{
1070
     5
1000
2355593
1002
}
1002
{
1070
     2
1000
-2000300
1002
}
  0
MTEXT
  5
1C1
330
6C
100
AcDbEntity
 67
     1
  8
G-ANNO-TEXT
 62
     7
370
    50
100
AcDbMText
 10
786.2391271284573
 20
9.449549148834472
 30
0.0
 40
3.0
 41
4.61772
 46
0.0
 71
     1
 72
     1
  1
10
  7
Arial_4
 73
     2
 44
1.0
1001
REVIT
1002
{
1070
     1
1000
2355806
1002
}
1002
{
1070
     5
1000
2355593
1002
}
1002
{
1070
     2
1000
-2000300
1002
}
  0
LINE
  5
1C2
330
6C
100
AcDbEntity
 67
     1
  8
G-ANNO-TTLB
370
    50
100
AcDbLine
 10
834.8590857578338
 20
62.68748470651491
 30
0.0
 11
828.8590857578338
 21
62.68748470651491
 31
0.0
1001
REVIT
1002
{
1070
     1
1000
2355807
1002
}
1002
{
1070
     2
1000
-2000280
1002
}
1002
{
1070
     3
1000
2352702
1002
}
  0
LINE
  5
1C3
330
6C
100
AcDbEntity
 67
     1
  8
G-ANNO-TTLB
370
    50
100
AcDbLine
 10
834.8590857578338
 20
114.5056665246964
 30
0.0
 11
828.8590857578338
 21
114.5056665246964
 31
0.0
1001
REVIT
1002
{
1070
     1
1000
2355808
1002
}
1002
{
1070
     2
1000
-2000280
1002
}
1002
{
1070
     3
1000
2352702
1002
}
  0
LINE
  5
1C4
330
6C
100
AcDbEntity
 67
     1
  8
G-ANNO-TTLB
370
    50
100
AcDbLine
 10
834.8590857578338
 20
166.3238483428779
 30
0.0
 11
828.8590857578338
 21
166.3238483428779
 31
0.0
1001
REVIT
1002
{
1070
     1
1000
2355809
1002
}
1002
{
1070
     2
1000
-2000280
1002
}
1002
{
1070
     3
1000
2352702
1002
}
  0
LINE
  5
1C5
330
6C
100
AcDbEntity
 67
     1
  8
G-ANNO-TTLB
370
    50
100
AcDbLine
 10
834.8590857578338
 20
218.1420301610593
 30
0.0
 11
828.8590857578338
 21
218.1420301610593
 31
0.0
1001
REVIT
1002
{
1070
     1
1000
2355810
1002
}
1002
{
1070
     2
1000
-2000280
1002
}
1002
{
1070
     3
1000
2352702
1002
}
  0
LINE
  5
1C6
330
6C
100
AcDbEntity
 67
     1
  8
G-ANNO-TTLB
370
    50
100
AcDbLine
 10
834.8590857578338
 20
269.9602119792408
 30
0.0
 11
828.8590857578338
 21
269.9602119792408
 31
0.0
1001
REVIT
1002
{
1070
     1
1000
2355811
1002
}
1002
{
1070
     2
1000
-2000280
1002
}
1002
{
1070
     3
1000
2352702
1002
}
  0
LINE
  5
1C7
330
6C
100
AcDbEntity
 67
     1
  8
G-ANNO-TTLB
370
    50
100
AcDbLine
 10
834.8590857578338
 20
321.7783937974223
 30
0.0
 11
828.8590857578338
 21
321.7783937974223
 31
0.0
1001
REVIT
1002
{
1070
     1
1000
2355812
1002
}
1002
{
1070
     2
1000
-2000280
1002
}
1002
{
1070
     3
1000
2352702
1002
}
  0
LINE
  5
1C8
330
6C
100
AcDbEntity
 67
     1
  8
G-ANNO-TTLB
370
    50
100
AcDbLine
 10
834.8590857578338
 20
373.5965756156038
 30
0.0
 11
828.8590857578338
 21
373.5965756156038
 31
0.0
1001
REVIT
1002
{
1070
     1
1000
2355813
1002
}
1002
{
1070
     2
1000
-2000280
1002
}
1002
{
1070
     3
1000
2352702
1002
}
  0
LINE
  5
1C9
330
6C
100
AcDbEntity
 67
     1
  8
G-ANNO-TTLB
370
    50
100
AcDbLine
 10
834.8590857578338
 20
425.4147574337852
 30
0.0
 11
828.8590857578338
 21
425.4147574337852
 31
0.0
1001
REVIT
1002
{
1070
     1
1000
2355814
1002
}
1002
{
1070
     2
1000
-2000280
1002
}
1002
{
1070
     3
1000
2352702
1002
}
  0
LINE
  5
1CA
330
6C
100
AcDbEntity
 67
     1
  8
G-ANNO-TTLB
370
    50
100
AcDbLine
 10
834.8590857578338
 20
477.2329392519668
 30
0.0
 11
828.8590857578338
 21
477.2329392519668
 31
0.0
1001
REVIT
1002
{
1070
     1
1000
2355815
1002
}
1002
{
1070
     2
1000
-2000280
1002
}
1002
{
1070
     3
1000
2352702
1002
}
  0
LINE
  5
1CB
330
6C
100
AcDbEntity
 67
     1
  8
G-ANNO-TTLB
370
    50
100
AcDbLine
 10
834.8590857578338
 20
529.0511210701482
 30
0.0
 11
828.8590857578338
 21
529.0511210701482
 31
0.0
1001
REVIT
1002
{
1070
     1
1000
2355816
1002
}
1002
{
1070
     2
1000
-2000280
1002
}
1002
{
1070
     3
1000
2352702
1002
}
  0
MTEXT
  5
1CC
330
6C
100
AcDbEntity
 67
     1
  8
G-ANNO-TEXT
 62
     7
370
    50
100
AcDbMText
 10
830.368902141441
 20
556.5230223312307
 30
0.0
 40
3.0
 41
2.757804999999999
 46
0.0
 71
     1
 72
     1
  1
A
  7
Arial_4
 73
     2
 44
1.0
1001
REVIT
1002
{
1070
     1
1000
2355817
1002
}
1002
{
1070
     5
1000
2355593
1002
}
1002
{
1070
     2
1000
-2000300
1002
}
  0
MTEXT
  5
1CD
330
6C
100
AcDbEntity
 67
     1
  8
G-ANNO-TEXT
 62
     7
370
    50
100
AcDbMText
 10
830.368902141441
 20
504.7048405130492
 30
0.0
 40
3.0
 41
2.757804999999999
 46
0.0
 71
     1
 72
     1
  1
B
  7
Arial_4
 73
     2
 44
1.0
1001
REVIT
1002
{
1070
     1
1000
2355818
1002
}
1002
{
1070
     5
1000
2355593
1002
}
1002
{
1070
     2
1000
-2000300
1002
}
  0
MTEXT
  5
1CE
330
6C
100
AcDbEntity
 67
     1
  8
G-ANNO-TEXT
 62
     7
370
    50
100
AcDbMText
 10
830.315985474774
 20
452.8866586948677
 30
0.0
 40
3.0
 41
2.950209999999998
 46
0.0
 71
     1
 72
     1
  1
C
  7
Arial_4
 73
     2
 44
1.0
1001
REVIT
1002
{
1070
     1
1000
2355819
1002
}
1002
{
1070
     5
1000
2355593
1002
}
1002
{
1070
     2
1000
-2000300
1002
}
  0
MTEXT
  5
1CF
330
6C
100
AcDbEntity
 67
     1
  8
G-ANNO-TEXT
 62
     7
370
    50
100
AcDbMText
 10
830.315985474774
 20
401.0684768766862
 30
0.0
 40
3.0
 41
2.950209999999998
 46
0.0
 71
     1
 72
     1
  1
D
  7
Arial_4
 73
     2
 44
1.0
1001
REVIT
1002
{
1070
     1
1000
2355820
1002
}
1002
{
1070
     5
1000
2355593
1002
}
1002
{
1070
     2
1000
-2000300
1002
}
  0
MTEXT
  5
1D0
330
6C
100
AcDbEntity
 67
     1
  8
G-ANNO-TEXT
 62
     7
370
    50
100
AcDbMText
 10
830.3689021414406
 20
349.2502950585048
 30
0.0
 40
3.0
 41
2.757804999999999
 46
0.0
 71
     1
 72
     1
  1
E
  7
Arial_4
 73
     2
 44
1.0
1001
REVIT
1002
{
1070
     1
1000
2355821
1002
}
1002
{
1070
     5
1000
2355593
1002
}
1002
{
1070
     2
1000
-2000300
1002
}
  0
MTEXT
  5
1D1
330
6C
100
AcDbEntity
 67
     1
  8
G-ANNO-TEXT
 62
     7
370
    50
100
AcDbMText
 10
830.4747354747739
 20
297.4321132403233
 30
0.0
 40
3.0
 41
2.501265
 46
0.0
 71
     1
 72
     1
  1
F
  7
Arial_4
 73
     2
 44
1.0
1001
REVIT
1002
{
1070
     1
1000
2355822
1002
}
1002
{
1070
     5
1000
2355593
1002
}
1002
{
1070
     2
1000
-2000300
1002
}
  0
MTEXT
  5
1D2
330
6C
100
AcDbEntity
 67
     1
  8
G-ANNO-TEXT
 62
     7
370
    50
100
AcDbMText
 10
830.2101521414405
 20
245.6139314221418
 30
0.0
 40
3.0
 41
3.20675
 46
0.0
 71
     1
 72
     1
  1
G
  7
Arial_4
 73
     2
 44
1.0
1001
REVIT
1002
{
1070
     1
1000
2355823
1002
}
1002
{
1070
     5
1000
2355593
1002
}
1002
{
1070
     2
1000
-2000300
1002
}
  0
MTEXT
  5
1D3
330
6C
100
AcDbEntity
 67
     1
  8
G-ANNO-TEXT
 62
     7
370
    50
100
AcDbMText
 10
830.3159854747736
 20
193.7957496039604
 30
0.0
 40
3.0
 41
2.950209999999998
 46
0.0
 71
     1
 72
     1
  1
H
  7
Arial_4
 73
     2
 44
1.0
1001
REVIT
1002
{
1070
     1
1000
2355824
1002
}
1002
{
1070
     5
1000
2355593
1002
}
1002
{
1070
     2
1000
-2000300
1002
}
  0
MTEXT
  5
1D4
330
6C
100
AcDbEntity
 67
     1
  8
G-ANNO-TEXT
 62
     7
370
    50
100
AcDbMText
 10
831.056818808107
 20
141.9775677857789
 30
0.0
 40
3.0
 41
1.15443
 46
0.0
 71
     1
 72
     1
  1
I
  7
Arial_4
 73
     2
 44
1.0
1001
REVIT
1002
{
1070
     1
1000
2355825
1002
}
1002
{
1070
     5
1000
2355593
1002
}
1002
{
1070
     2
1000
-2000300
1002
}
  0
MTEXT
  5
1D5
330
6C
100
AcDbEntity
 67
     1
  8
G-ANNO-TEXT
 62
     7
370
    50
100
AcDbMText
 10
830.6864021414401
 20
90.15938596759742
 30
0.0
 40
3.0
 41
2.052319999999999
 46
0.0
 71
     1
 72
     1
  1
J
  7
Arial_4
 73
     2
 44
1.0
1001
REVIT
1002
{
1070
     1
1000
2355826
1002
}
1002
{
1070
     5
1000
2355593
1002
}
1002
{
1070
     2
1000
-2000300
1002
}
  0
MTEXT
  5
1D6
330
6C
100
AcDbEntity
 67
     1
  8
G-ANNO-TEXT
 62
     7
370
    50
100
AcDbMText
 10
581.7664267814348
 20
47.38402345964471
 30
0.0
 40
2.0
 41
10.197465
 46
0.0
 71
     1
 72
     1
  1
Address
  7
Arial
 73
     2
 44
1.0
1001
REVIT
1002
{
1070
     1
1000
2355845
1002
}
1002
{
1070
     5
1000
2355598
1002
}
1002
{
1070
     2
1000
-2000300
1002
}
  0
MTEXT
  5
1D7
330
6C
100
AcDbEntity
 67
     1
  8
G-ANNO-NPLT
370
    50
100
AcDbMText
 10
727.9941387509912
 20
30.63240243019575
 30
0.0
 40
2.5
 41
22.254845
 46
0.0
 71
     1
 72
     1
  1
Scale - Manual
  7
Arial_3
 73
     2
 44
1.0
1001
REVIT
1002
{
1070
     1
1000
2355846
1002
}
1002
{
1070
     5
1000
2355642
1002
}
1002
{
1070
     2
1000
-2000510
1002
}
  0
MTEXT
  5
1D8
330
6C
100
AcDbEntity
 67
     1
  8
G-ANNO-NPLT
370
    50
100
AcDbMText
 10
733.9737220843245
 20
26.66365243019575
 30
0.0
 40
2.5
 41
7.760334999999998
 46
0.0
 71
     1
 72
     1
  1
Entry
  7
Arial_3
 73
     2
 44
1.0
1001
REVIT
1002
{
1070
     1
1000
2355846
1002
}
1002
{
1070
     5
1000
2355642
1002
}
1002
{
1070
     2
1000
-2000510
1002
}
  0
MTEXT
  5
1D9
330
6C
100
AcDbEntity
 67
     1
  8
G-ANNO-NPLT
370
    50
100
AcDbMText
 10
731.7116962334702
 20
28.64740243019575
 30
0.0
 40
2.5
 41
11.03122
 46
0.0
 71
     1
 72
     1
  1
SCALE
  7
Arial_3
 73
     2
 44
1.0
1001
REVIT
1002
{
1070
     1
1000
2355847
1002
}
1002
{
1070
     5
1000
2355642
1002
}
1002
{
1070
     2
1000
-2000510
1002
}
  0
MTEXT
  5
1DA
330
6C
100
AcDbEntity
 67
     1
  8
G-ANNO-NPLT
370
    50
100
AcDbMText
 10
691.5963021861078
 20
57.01047143807155
 30
0.0
 40
5.0
 41
59.77382
 46
0.0
 71
     1
 72
     1
  1
DRAWING TITLE 1
  7
Arial_2
 73
     2
 44
1.0
1001
REVIT
1002
{
1070
     1
1000
2355850
1002
}
1002
{
1070
     5
1000
2355520
1002
}
1002
{
1070
     2
1000
-2000510
1002
}
  0
MTEXT
  5
1DB
330
6C
100
AcDbEntity
 67
     1
  8
G-ANNO-NPLT
370
    50
100
AcDbMText
 10
691.5963021861078
 20
49.13911727140488
 30
0.0
 40
5.0
 41
59.77382
 46
0.0
 71
     1
 72
     1
  1
DRAWING TITLE 2
  7
Arial_2
 73
     2
 44
1.0
1001
REVIT
1002
{
1070
     1
1000
2355850
1002
}
1002
{
1070
     5
1000
2355520
1002
}
1002
{
1070
     2
1000
-2000510
1002
}
  0
MTEXT
  5
1DC
330
6C
100
AcDbEntity
 67
     1
  8
G-ANNO-NPLT
370
    50
100
AcDbMText
 10
691.5963021861078
 20
41.26776310473822
 30
0.0
 40
5.0
 41
59.77382
 46
0.0
 71
     1
 72
     1
  1
DRAWING TITLE 3
  7
Arial_2
 73
     2
 44
1.0
1001
REVIT
1002
{
1070
     1
1000
2355850
1002
}
1002
{
1070
     5
1000
2355520
1002
}
1002
{
1070
     2
1000
-2000510
1002
}
  0
MTEXT
  5
1DD
330
6C
100
AcDbEntity
 67
     1
  8
G-ANNO-TEXT
 62
     7
370
    50
100
AcDbMText
 10
236.891085757836
 20
53.93986240679581
 30
0.0
 40
2.0
 41
48.22952
 46
0.0
 71
     1
 72
     1
  1
This document remains the property of 
  7
Arial
 73
     2
 44
1.0
1001
REVIT
1002
{
1070
     1
1000
2355854
1002
}
1002
{
1070
     5
1000
2355598
1002
}
1002
{
1070
     2
1000
-2000300
1002
}
  0
MTEXT
  5
1DF
330
6C
100
AcDbEntity
 67
     1
  8
G-ANNO-TEXT
 62
     7
370
    50
100
AcDbMText
 10
276.6844190911693
 20
53.93986240679581
 30
0.0
 40
2.0
 41
6.477635000000003
 46
0.0
 71
     1
 72
     1
  1
PTG 
  7
Arial_B_1
 73
     2
 44
1.0
1001
REVIT
1002
{
1070
     1
1000
2355854
1002
}
1002
{
1070
     5
1000
2355598
1002
}
1002
{
1070
     2
1000
-2000300
1002
}
  0
MTEXT
  5
1E0
330
6C
100
AcDbEntity
 67
     1
  8
G-ANNO-TEXT
 62
     7
370
    50
100
AcDbMText
 10
236.891085757836
 20
50.56642490679582
 30
0.0
 40
2.0
 41
18.21434
 46
0.0
 71
     1
 72
     1
  1
CONSULTING
  7
Arial_B_1
 73
     2
 44
1.0
1001
REVIT
1002
{
1070
     1
1000
2355854
1002
}
1002
{
1070
     5
1000
2355598
1002
}
1002
{
1070
     2
1000
-2000300
1002
}
  0
MTEXT
  5
1E1
330
6C
100
AcDbEntity
 67
     1
  8
G-ANNO-TEXT
 62
     7
370
    50
100
AcDbMText
 10
251.9194190911693
 20
50.56642490679582
 30
0.0
 40
2.0
 41
47.010955
 46
0.0
 71
     1
 72
     1
  1
 and such may not be used, copied or 
  7
Arial
 73
     2
 44
1.0
1001
REVIT
1002
{
1070
     1
1000
2355854
1002
}
1002
{
1070
     5
1000
2355598
1002
}
1002
{
1070
     2
1000
-2000300
1002
}
  0
MTEXT
  5
1E2
330
6C
100
AcDbEntity
 67
     1
  8
G-ANNO-TEXT
 62
     7
370
    50
100
AcDbMText
 10
236.891085757836
 20
47.25913324012914
 30
0.0
 40
2.0
 41
60.094495
 46
0.0
 71
     1
 72
     1
  1
reproduced  wholly or inpart without the express  
  7
Arial
 73
     2
 44
1.0
1001
REVIT
1002
{
1070
     1
1000
2355854
1002
}
1002
{
1070
     5
1000
2355598
1002
}
1002
{
1070
     2
1000
-2000300
1002
}
  0
MTEXT
  5
1E3
330
6C
100
AcDbEntity
 67
     1
  8
G-ANNO-TEXT
 62
     7
370
    50
100
AcDbMText
 10
236.891085757836
 20
43.95184157346248
 30
0.0
 40
2.0
 41
17.380585
 46
0.0
 71
     1
 72
     1
  1
permission of 
  7
Arial
 73
     2
 44
1.0
1001
REVIT
1002
{
1070
     1
1000
2355854
1002
}
1002
{
1070
     5
1000
2355598
1002
}
1002
{
1070
     2
1000
-2000300
1002
}
  0
MTEXT
  5
1E4
330
6C
100
AcDbEntity
 67
     1
  8
G-ANNO-TEXT
 62
     7
370
    50
100
AcDbMText
 10
251.2315024245026
 20
43.95184157346248
 30
0.0
 40
2.0
 41
24.69197500000001
 46
0.0
 71
     1
 72
     1
  1
PTG CONSULTING
  7
Arial_B_1
 73
     2
 44
1.0
1001
REVIT
1002
{
1070
     1
1000
2355854
1002
}
1002
{
1070
     5
1000
2355598
1002
}
1002
{
1070
     2
1000
-2000300
1002
}
  0
MTEXT
  5
1E5
330
6C
100
AcDbEntity
 67
     1
  8
G-ANNO-TEXT
 62
     7
370
    50
100
AcDbMText
 10
271.6044190911693
 20
43.95184157346248
 30
0.0
 40
2.0
 41
0.7696199999999972
 46
0.0
 71
     1
 72
     1
  1
.
  7
Arial
 73
     2
 44
1.0
1001
REVIT
1002
{
1070
     1
1000
2355854
1002
}
1002
{
1070
     5
1000
2355598
1002
}
1002
{
1070
     2
1000
-2000300
1002
}
  0
MTEXT
  5
1E6
330
6C
100
AcDbEntity
 67
     1
  8
G-ANNO-TEXT
 62
     7
370
    50
100
AcDbMText
 10
236.891085757836
 20
40.64454990679581
 30
0.0
 40
2.0
 41
62.08268000000001
 46
0.0
 71
     1
 72
     1
  1
Do not scale this drawing. Figured dimension take 
  7
Arial
 73
     2
 44
1.0
1001
REVIT
1002
{
1070
     1
1000
2355854
1002
}
1002
{
1070
     5
1000
2355598
1002
}
1002
{
1070
     2
1000
-2000300
1002
}
  0
MTEXT
  5
1E7
330
6C
100
AcDbEntity
 67
     1
  8
G-ANNO-TEXT
 62
     7
370
    50
100
AcDbMText
 10
236.891085757836
 20
37.40340407346248
 30
0.0
 40
2.0
 41
28.79661500000001
 46
0.0
 71
     1
 72
     1
  1
precedence over scale.
  7
Arial
 73
     2
 44
1.0
1001
REVIT
1002
{
1070
     1
1000
2355854
1002
}
1002
{
1070
     5
1000
2355598
1002
}
1002
{
1070
     2
1000
-2000300
1002
}
  0
MTEXT
  5
1E8
330
6C
100
AcDbEntity
 67
     1
  8
G-ANNO-TEXT
 62
     7
370
    50
100
AcDbMText
 10
236.891085757836
 20
34.16225824012915
 30
0.0
 40
2.0
 41
36.10800500000001
 46
0.0
 71
     1
 72
     1
  1
Verify all dimensions on site. 
  7
Arial
 73
     2
 44
1.0
1001
REVIT
1002
{
1070
     1
1000
2355854
1002
}
1002
{
1070
     5
1000
2355598
1002
}
1002
{
1070
     2
1000
-2000300
1002
}
  0
MTEXT
  5
1EA
330
6C
100
AcDbEntity
 67
     1
  8
G-ANNO-TEXT
 62
     9
370
    70
100
AcDbMText
 10
532.2293616858789
 20
573.0251239380077
 30
0.0
 40
75.0
 41
352.66233125
 46
0.0
 71
     1
 72
     1
  1
DRAFT
  7
Arial Narrow_B_1
 73
     2
 44
1.0
1001
REVIT
1002
{
1070
     1
1000
2356024
1002
}
1002
{
1070
     5
1000
2355668
1002
}
1002
{
1070
     2
1000
-2000300
1002
}
  0
LINE
  5
1EB
330
6C
100
AcDbEntity
 67
     1
  8
G-ANNO-TTLB
370
    50
100
AcDbLine
 10
520.734085757836
 20
62.66972200492166
 30
0.0
 11
520.734085757836
 21
10.86930288833604
 31
0.0
1001
REVIT
1002
{
1070
     1
1000
2356025
1002
}
1002
{
1070
     2
1000
-2000280
1002
}
1002
{
1070
     3
1000
2352702
1002
}
  0
MTEXT
  5
1EC
330
6C
100
AcDbEntity
 67
     1
  8
G-ANNO-TEXT
 62
     7
370
    50
100
AcDbMText
 10
453.3910857578364
 20
59.41473935764587
 30
0.0
 40
2.0
 41
15.00759
 46
0.0
 71
     1
 72
     1
  1
Justin Taing
  7
Arial
 73
     2
 44
1.0
1001
REVIT
1002
{
1070
     1
1000
2356235
1002
}
1002
{
1070
     5
1000
2355598
1002
}
1002
{
1070
     2
1000
-2000300
1002
}
  0
MTEXT
  5
1ED
330
6C
100
AcDbEntity
 67
     1
  8
G-ANNO-TEXT
 62
     7
370
    50
100
AcDbMText
 10
453.3910857578364
 20
56.17359352431254
 30
0.0
 40
2.0
 41
42.52150499999999
 46
0.0
 71
     1
 72
     1
  1
Associated Geotechnical Engineer
  7
Arial
 73
     2
 44
1.0
1001
REVIT
1002
{
1070
     1
1000
2356235
1002
}
1002
{
1070
     5
1000
2355598
1002
}
1002
{
1070
     2
1000
-2000300
1002
}
  0
MTEXT
  5
1EE
330
6C
100
AcDbEntity
 67
     1
  8
G-ANNO-TEXT
 62
     7
370
    50
100
AcDbMText
 10
453.3910857578364
 20
52.9324476909792
 30
0.0
 40
2.0
 41
17.82953
 46
0.0
 71
     1
 72
     1
  1
RPEQ #30087
  7
Arial
 73
     2
 44
1.0
1001
REVIT
1002
{
1070
     1
1000
2356235
1002
}
1002
{
1070
     5
1000
2355598
1002
}
1002
{
1070
     2
1000
-2000300
1002
}
  0
ENDSEC
  0
SECTION
  2
OBJECTS
  0
DICTIONARY
  5
C
330
0
100
AcDbDictionary
281
     1
  3
ACAD_CIP_PREVIOUS_PRODUCT_INFO
350
79
  3
ACAD_COLOR
350
63
  3
ACAD_DETAILVIEWSTYLE
350
6A
  3
ACAD_GROUP
350
D
  3
ACAD_IMAGE_DICT
350
86
  3
ACAD_IMAGE_VARS
350
7A
  3
ACAD_LAYOUT
350
62
  3
ACAD_MATERIAL
350
10
  3
ACAD_MLEADERSTYLE
350
66
  3
ACAD_MLINESTYLE
350
5F
  3
ACAD_PLOTSETTINGS
350
61
  3
ACAD_PLOTSTYLENAME
350
E
  3
ACAD_SCALELIST
350
42
  3
ACAD_SECTIONVIEWSTYLE
350
68
  3
ACAD_TABLESTYLE
350
64
  3
ACAD_VISUALSTYLE
350
29
  3
ACDB_RECOMPOSE_DATA
350
1F9
  3
AcDbVariableDictionary
350
7B
  3
REVIT_DICTIONARY
350
1EF
  0
SUN
  5
1F6
330
57
100
AcDbSun
 90
        1
290
     1
 63
     7
421
 16777215
 40
0.0
291
     1
 91
  2460761
 92
 55187000
292
     0
 70
     1
 71
   128
280
     1
  0
DICTIONARY
  5
1F4
330
70
100
AcDbDictionary
280
     1
281
     1
  3
ACAD_SORTENTS
360
1F5
  0
IMAGEDEF_REACTOR
  5
89
330
88
100
AcDbRasterImageDefReactor
 90
        2
330
88
  0
IMAGEDEF_REACTOR
  5
8C
330
8B
100
AcDbRasterImageDefReactor
 90
        2
330
8B
  0
XRECORD
  5
79
102
{ACAD_REACTORS
330
C
102
}
330
C
100
AcDbXrecord
280
     1
300
RVTLT
300
2026
300
RVTLT2026
  0
DICTIONARY
  5
63
102
{ACAD_REACTORS
330
C
102
}
330
C
100
AcDbDictionary
281
     1
  0
DICTIONARY
  5
6A
102
{ACAD_REACTORS
330
C
102
}
330
C
100
AcDbDictionary
281
     1
  3
Imperial24
350
6B
  0
DICTIONARY
  5
D
102
{ACAD_REACTORS
330
C
102
}
330
C
100
AcDbDictionary
281
     1
  0
DICTIONARY
  5
86
102
{ACAD_REACTORS
330
C
102
}
330
C
100
AcDbDictionary
281
     1
  3
A1HORIZONTAL-PTGCONSULTING_COMMERCIAL-kyogle-council-nsw-logo-2019-2356527
350
8A
  3
A1HORIZONTAL-PTGCONSULTING_COMMERCIAL-PTGCONSULTINGpng-Copy-2352732
350
87
  0
RASTERVARIABLES
  5
7A
102
{ACAD_REACTORS
330
C
102
}
330
C
100
AcDbRasterVariables
 90
        0
 70
     0
 71
     1
 72
     1
  0
DICTIONARY
  5
62
102
{ACAD_REACTORS
330
C
102
}
330
C
100
AcDbDictionary
281
     1
  3
Layout1
350
6F
  3
Layout2
350
77
  3
Model
350
73
  0
DICTIONARY
  5
10
102
{ACAD_REACTORS
330
C
102
}
330
C
100
AcDbDictionary
281
     1
  3
ByBlock
350
19
  3
ByLayer
350
11
  3
Global
350
21
  0
DICTIONARY
  5
66
102
{ACAD_REACTORS
330
C
102
}
330
C
100
AcDbDictionary
281
     1
  3
Standard
350
67
  0
DICTIONARY
  5
5F
102
{ACAD_REACTORS
330
C
102
}
330
C
100
AcDbDictionary
281
     1
  3
Standard
350
60
  0
DICTIONARY
  5
61
102
{ACAD_REACTORS
330
C
102
}
330
C
100
AcDbDictionary
281
     1
  0
ACDBDICTIONARYWDFLT
  5
E
102
{ACAD_REACTORS
330
C
102
}
330
C
100
AcDbDictionary
281
     1
  3
Normal
350
F
100
AcDbDictionaryWithDefault
340
F
  0
DICTIONARY
  5
42
102
{ACAD_REACTORS
330
C
102
}
330
C
100
AcDbDictionary
281
     1
  3
A0
350
43
  3
A1
350
44
  3
A2
350
45
  3
A3
350
46
  3
A4
350
47
  3
A5
350
48
  3
A6
350
49
  3
A7
350
4A
  3
A8
350
4B
  3
A9
350
4C
  3
B0
350
4D
  3
B1
350
4E
  3
B2
350
4F
  3
B3
350
50
  3
B4
350
51
  3
B5
350
52
  3
B6
350
53
  0
DICTIONARY
  5
68
102
{ACAD_REACTORS
330
C
102
}
330
C
100
AcDbDictionary
281
     1
  3
Imperial24
350
69
  0
DICTIONARY
  5
64
102
{ACAD_REACTORS
330
C
102
}
330
C
100
AcDbDictionary
281
     1
  3
Standard
350
65
  0
DICTIONARY
  5
29
102
{ACAD_REACTORS
330
C
102
}
330
C
100
AcDbDictionary
281
     1
  3
2dWireframe
350
2F
  3
Basic
350
2E
  3
Brighten
350
35
  3
ColorChange
350
39
  3
Conceptual
350
32
  3
Dim
350
34
  3
EdgeColorOff
350
41
  3
Facepattern
350
38
  3
Flat
350
2A
  3
FlatWithEdges
350
2B
  3
Gouraud
350
2C
  3
GouraudWithEdges
350
2D
  3
Hidden
350
31
  3
JitterOff
350
3F
  3
Linepattern
350
37
  3
OverhangOff
350
40
  3
Realistic
350
33
  3
Shaded
350
3E
  3
Shaded with edges
350
3D
  3
Shades of Gray
350
3A
  3
Sketchy
350
3B
  3
Thicken
350
36
  3
Wireframe
350
30
  3
X-Ray
350
3C
  0
XRECORD
  5
1F9
102
{ACAD_REACTORS
330
C
102
}
330
C
100
AcDbXrecord
280
     1
 90
        1
330
65
  0
DICTIONARY
  5
7B
102
{ACAD_REACTORS
330
C
102
}
330
C
100
AcDbDictionary
281
     1
  3
CANNOSCALE
350
80
  3
CMLEADERSTYLE
350
7D
  3
CTABLESTYLE
350
7C
  3
CVIEWDETAILSTYLE
350
7E
  3
CVIEWSECTIONSTYLE
350
7F
  0
DICTIONARY
  5
1EF
102
{ACAD_REACTORS
330
C
102
}
330
C
100
AcDbDictionary
281
     1
  3
DRAWING_TOOL
350
1F3
  3
REVIT_CATEGORY_MAPPING
350
1F1
  3
REVIT_SUB_CATEGORY_MAPPING
350
1F2
  3
REVIT_TYPE_MAPPING
350
1F0
  0
SORTENTSTABLE
  5
1F5
102
{ACAD_REACTORS
330
1F4
102
}
330
1F4
100
AcDbSortentsTable
330
70
  0
ACDBDETAILVIEWSTYLE
  5
6B
102
{ACAD_REACTORS
330
6A
102
}
330
6A
100
AcDbModelDocViewStyle
 70
     0
  3
Imperial24
290
     1
300
Imperial24
 90
        0
100
AcDbDetailViewStyle
 70
     0
 71
     0
 90
        3
 71
     1
340
55
 62
   256
 40
0.24
340
0
 62
   256
 40
0.24
300

 40
0.36
280
     3
 71
     2
340
5D
 90
       25
 62
   256
 71
     3
340
55
 62
   256
 40
0.24
 90
        1
 40
0.75
 90
        1
300
%<\AcVar ViewType \f "%tc1">% %<\AcVar ViewDetailId>%\PSCALE %<\AcVar ViewScale \f "%sn">%
 71
     4
340
5D
 90
       25
 62
   256
340
5D
 90
       25
 62
   256
280
     0
  0
IMAGEDEF
  5
8A
102
{ACAD_REACTORS
330
86
330
8C
102
}
330
86
100
AcDbRasterImageDef
 90
        0
  1
E:\Revit and CAD\A1HORIZONTAL-PTGCONSULTING_COMMERCIAL-kyogle-council-nsw-logo-2019-2356527.png
 10
267.0
 20
107.0
 11
0.3528581510232887
 21
0.3528581510232887
280
     1
281
     2
  0
IMAGEDEF
  5
87
102
{ACAD_REACTORS
330
86
330
89
102
}
330
86
100
AcDbRasterImageDef
 90
        0
  1
E:\Revit and CAD\A1HORIZONTAL-PTGCONSULTING_COMMERCIAL-PTGCONSULTINGpng-Copy-2352732.png
 10
4000.0
 20
1967.0
 11
0.3528581510232887
 21
0.3528581510232887
280
     1
281
     2
  0
LAYOUT
  5
6F
102
{ACAD_REACTORS
330
62
102
}
330
62
100
AcDbPlotSettings
  1

  2

  4

  6

 40
0.0
 41
0.0
 42
0.0
 43
0.0
 44
0.0
 45
0.0
 46
0.0
 47
0.0
 48
0.0
 49
0.0
140
0.0
141
0.0
142
1.0
143
1.0
 70
   688
 72
     0
 73
     0
 74
     5
  7

 75
    16
147
1.0
 76
     0
 77
     2
 78
   300
148
0.0
149
0.0
100
AcDbLayout
  1
Layout1
 70
     1
 71
     1
 10
0.0
 20
0.0
 11
12.0
 21
9.0
 12
0.0
 22
0.0
 32
0.0
 14
0.0
 24
0.0
 34
0.0
 15
0.0
 25
0.0
 35
0.0
146
0.0
 13
0.0
 23
0.0
 33
0.0
 16
1.0
 26
0.0
 36
0.0
 17
0.0
 27
1.0
 37
0.0
 76
     0
330
6C
  0
LAYOUT
  5
77
102
{ACAD_REACTORS
330
62
102
}
330
62
100
AcDbPlotSettings
  1

  2

  4

  6

 40
0.0
 41
0.0
 42
0.0
 43
0.0
 44
0.0
 45
0.0
 46
0.0
 47
0.0
 48
0.0
 49
0.0
140
0.0
141
0.0
142
1.0
143
1.0
 70
   688
 72
     0
 73
     0
 74
     5
  7

 75
    16
147
1.0
 76
     0
 77
     2
 78
   300
148
0.0
149
0.0
100
AcDbLayout
  1
Layout2
 70
     1
 71
     2
 10
0.0
 20
0.0
 11
12.0
 21
9.0
 12
0.0
 22
0.0
 32
0.0
 14
0.0
 24
0.0
 34
0.0
 15
0.0
 25
0.0
 35
0.0
146
0.0
 13
0.0
 23
0.0
 33
0.0
 16
1.0
 26
0.0
 36
0.0
 17
0.0
 27
1.0
 37
0.0
 76
     0
330
74
  0
LAYOUT
  5
73
102
{ACAD_REACTORS
330
62
102
}
330
62
100
AcDbPlotSettings
  1

  2

  4

  6

 40
0.0
 41
0.0
 42
0.0
 43
0.0
 44
0.0
 45
0.0
 46
0.0
 47
0.0
 48
0.0
 49
0.0
140
0.0
141
0.0
142
1.0
143
1.0
 70
  1712
 72
     0
 73
     0
 74
     0
  7

 75
     0
147
1.0
 76
     0
 77
     2
 78
   300
148
0.0
149
0.0
100
AcDbLayout
  1
Model
 70
     1
 71
     0
 10
0.0
 20
0.0
 11
12.0
 21
9.0
 12
0.0
 22
0.0
 32
0.0
 14
0.0
 24
0.0
 34
0.0
 15
0.0
 25
0.0
 35
0.0
146
0.0
 13
0.0
 23
0.0
 33
0.0
 16
1.0
 26
0.0
 36
0.0
 17
0.0
 27
1.0
 37
0.0
 76
     0
330
70
  0
MATERIAL
  5
19
102
{ACAD_XDICTIONARY
360
1A
102
}
102
{ACAD_REACTORS
330
10
102
}
330
10
100
AcDbMaterial
  1
ByBlock
 72
     0
 43
0.0208333333333333
 43
0.0
 43
0.0
 43
0.0
 43
0.0
 43
0.0208333333333333
 43
0.0
 43
0.0
 43
0.0
 43
0.0
 43
1.0
 43
0.0
 43
0.0
 43
0.0
 43
0.0
 43
1.0
 77
     0
 47
0.0208333333333333
 47
0.0
 47
0.0
 47
0.0
 47
0.0
 47
0.0208333333333333
 47
0.0
 47
0.0
 47
0.0
 47
0.0
 47
1.0
 47
0.0
 47
0.0
 47
0.0
 47
0.0
 47
1.0
171
     0
 49
0.0208333333333333
 49
0.0
 49
0.0
 49
0.0
 49
0.0
 49
0.0208333333333333
 49
0.0
 49
0.0
 49
0.0
 49
0.0
 49
1.0
 49
0.0
 49
0.0
 49
0.0
 49
0.0
 49
1.0
175
     0
142
0.0208333333333333
142
0.0
142
0.0
142
0.0
142
0.0
142
0.0208333333333333
142
0.0
142
0.0
142
0.0
142
0.0
142
1.0
142
0.0
142
0.0
142
0.0
142
0.0
142
1.0
179
     0
144
0.0208333333333333
144
0.0
144
0.0
144
0.0
144
0.0
144
0.0208333333333333
144
0.0
144
0.0
144
0.0
144
0.0
144
1.0
144
0.0
144
0.0
144
0.0
144
0.0
144
1.0
147
0.0208333333333333
147
0.0
147
0.0
147
0.0
147
0.0
147
0.0208333333333333
147
0.0
147
0.0
147
0.0
147
0.0
147
1.0
147
0.0
147
0.0
147
0.0
147
0.0
147
1.0
  0
MATERIAL
  5
11
102
{ACAD_XDICTIONARY
360
12
102
}
102
{ACAD_REACTORS
330
10
102
}
330
10
100
AcDbMaterial
  1
ByLayer
 72
     0
 43
0.0208333333333333
 43
0.0
 43
0.0
 43
0.0
 43
0.0
 43
0.0208333333333333
 43
0.0
 43
0.0
 43
0.0
 43
0.0
 43
1.0
 43
0.0
 43
0.0
 43
0.0
 43
0.0
 43
1.0
 77
     0
 47
0.0208333333333333
 47
0.0
 47
0.0
 47
0.0
 47
0.0
 47
0.0208333333333333
 47
0.0
 47
0.0
 47
0.0
 47
0.0
 47
1.0
 47
0.0
 47
0.0
 47
0.0
 47
0.0
 47
1.0
171
     0
 49
0.0208333333333333
 49
0.0
 49
0.0
 49
0.0
 49
0.0
 49
0.0208333333333333
 49
0.0
 49
0.0
 49
0.0
 49
0.0
 49
1.0
 49
0.0
 49
0.0
 49
0.0
 49
0.0
 49
1.0
175
     0
142
0.0208333333333333
142
0.0
142
0.0
142
0.0
142
0.0
142
0.0208333333333333
142
0.0
142
0.0
142
0.0
142
0.0
142
1.0
142
0.0
142
0.0
142
0.0
142
0.0
142
1.0
179
     0
144
0.0208333333333333
144
0.0
144
0.0
144
0.0
144
0.0
144
0.0208333333333333
144
0.0
144
0.0
144
0.0
144
0.0
144
1.0
144
0.0
144
0.0
144
0.0
144
0.0
144
1.0
147
0.0208333333333333
147
0.0
147
0.0
147
0.0
147
0.0
147
0.0208333333333333
147
0.0
147
0.0
147
0.0
147
0.0
147
1.0
147
0.0
147
0.0
147
0.0
147
0.0
147
1.0
  0
MATERIAL
  5
21
102
{ACAD_XDICTIONARY
360
22
102
}
102
{ACAD_REACTORS
330
10
102
}
330
10
100
AcDbMaterial
  1
Global
 72
     0
 43
0.0208333333333333
 43
0.0
 43
0.0
 43
0.0
 43
0.0
 43
0.0208333333333333
 43
0.0
 43
0.0
 43
0.0
 43
0.0
 43
1.0
 43
0.0
 43
0.0
 43
0.0
 43
0.0
 43
1.0
 77
     0
 47
0.0208333333333333
 47
0.0
 47
0.0
 47
0.0
 47
0.0
 47
0.0208333333333333
 47
0.0
 47
0.0
 47
0.0
 47
0.0
 47
1.0
 47
0.0
 47
0.0
 47
0.0
 47
0.0
 47
1.0
171
     0
 49
0.0208333333333333
 49
0.0
 49
0.0
 49
0.0
 49
0.0
 49
0.0208333333333333
 49
0.0
 49
0.0
 49
0.0
 49
0.0
 49
1.0
 49
0.0
 49
0.0
 49
0.0
 49
0.0
 49
1.0
175
     0
142
0.0208333333333333
142
0.0
142
0.0
142
0.0
142
0.0
142
0.0208333333333333
142
0.0
142
0.0
142
0.0
142
0.0
142
1.0
142
0.0
142
0.0
142
0.0
142
0.0
142
1.0
179
     0
144
0.0208333333333333
144
0.0
144
0.0
144
0.0
144
0.0
144
0.0208333333333333
144
0.0
144
0.0
144
0.0
144
0.0
144
1.0
144
0.0
144
0.0
144
0.0
144
0.0
144
1.0
147
0.0208333333333333
147
0.0
147
0.0
147
0.0
147
0.0
147
0.0208333333333333
147
0.0
147
0.0
147
0.0
147
0.0
147
1.0
147
0.0
147
0.0
147
0.0
147
0.0
147
1.0
  0
MLEADERSTYLE
  5
67
102
{ACAD_REACTORS
330
66
102
}
330
66
100
AcDbMLeaderStyle
179
     2
170
     2
171
     1
172
     0
 90
        2
 40
0.0
 41
0.0
173
     1
 91
-1056964608
340
5B
 92
       -2
290
     1
 42
0.09
291
     1
 43
0.36
  3
Standard
 44
0.18
300

342
55
174
     1
178
     6
175
     1
176
     0
 93
-1056964608
 45
0.18
292
     0
297
     0
 46
0.18
 94
-1056964608
 47
1.0
 49
1.0
140
1.0
293
     1
141
0.0
294
     1
177
     0
142
1.0
295
     1
296
     0
143
0.125
271
     0
272
     9
273
     9
298
     1
  0
MLINESTYLE
  5
60
102
{ACAD_REACTORS
330
5F
102
}
330
5F
100
AcDbMlineStyle
  2
STANDARD
 70
     0
  3

 62
   256
 51
90.0
 52
90.0
 71
     2
 49
0.5
 62
   256
  6
BYLAYER
 49
-0.5
 62
   256
  6
BYLAYER
  0
ACDBPLACEHOLDER
  5
F
102
{ACAD_REACTORS
330
E
102
}
330
E
  0
SCALE
  5
43
102
{ACAD_REACTORS
330
42
102
}
330
42
100
AcDbScale
 70
     0
300
1:1
140
1.0
141
1.0
290
     1
  0
SCALE
  5
44
102
{ACAD_REACTORS
330
42
102
}
330
42
100
AcDbScale
 70
     0
300
1/128" = 1'-0"
140
0.0078125
141
12.0
290
     0
  0
SCALE
  5
45
102
{ACAD_REACTORS
330
42
102
}
330
42
100
AcDbScale
 70
     0
300
1/64" = 1'-0"
140
0.015625
141
12.0
290
     0
  0
SCALE
  5
46
102
{ACAD_REACTORS
330
42
102
}
330
42
100
AcDbScale
 70
     0
300
1/32" = 1'-0"
140
0.03125
141
12.0
290
     0
  0
SCALE
  5
47
102
{ACAD_REACTORS
330
42
102
}
330
42
100
AcDbScale
 70
     0
300
1/16" = 1'-0"
140
0.0625
141
12.0
290
     0
  0
SCALE
  5
48
102
{ACAD_REACTORS
330
42
102
}
330
42
100
AcDbScale
 70
     0
300
3/32" = 1'-0"
140
0.09375
141
12.0
290
     0
  0
SCALE
  5
49
102
{ACAD_REACTORS
330
42
102
}
330
42
100
AcDbScale
 70
     0
300
1/8" = 1'-0"
140
0.125
141
12.0
290
     0
  0
SCALE
  5
4A
102
{ACAD_REACTORS
330
42
102
}
330
42
100
AcDbScale
 70
     0
300
3/16" = 1'-0"
140
0.1875
141
12.0
290
     0
  0
SCALE
  5
4B
102
{ACAD_REACTORS
330
42
102
}
330
42
100
AcDbScale
 70
     0
300
1/4" = 1'-0"
140
0.25
141
12.0
290
     0
  0
SCALE
  5
4C
102
{ACAD_REACTORS
330
42
102
}
330
42
100
AcDbScale
 70
     0
300
3/8" = 1'-0"
140
0.375
141
12.0
290
     0
  0
SCALE
  5
4D
102
{ACAD_REACTORS
330
42
102
}
330
42
100
AcDbScale
 70
     0
300
1/2" = 1'-0"
140
0.5
141
12.0
290
     0
  0
SCALE
  5
4E
102
{ACAD_REACTORS
330
42
102
}
330
42
100
AcDbScale
 70
     0
300
3/4" = 1'-0"
140
0.75
141
12.0
290
     0
  0
SCALE
  5
4F
102
{ACAD_REACTORS
330
42
102
}
330
42
100
AcDbScale
 70
     0
300
1" = 1'-0"
140
1.0
141
12.0
290
     0
  0
SCALE
  5
50
102
{ACAD_REACTORS
330
42
102
}
330
42
100
AcDbScale
 70
     0
300
1-1/2" = 1'-0"
140
1.5
141
12.0
290
     0
  0
SCALE
  5
51
102
{ACAD_REACTORS
330
42
102
}
330
42
100
AcDbScale
 70
     0
300
3" = 1'-0"
140
3.0
141
12.0
290
     0
  0
SCALE
  5
52
102
{ACAD_REACTORS
330
42
102
}
330
42
100
AcDbScale
 70
     0
300
6" = 1'-0"
140
6.0
141
12.0
290
     0
  0
SCALE
  5
53
102
{ACAD_REACTORS
330
42
102
}
330
42
100
AcDbScale
 70
     0
300
1'-0" = 1'-0"
140
12.0
141
12.0
290
     0
  0
ACDBSECTIONVIEWSTYLE
  5
69
102
{ACAD_REACTORS
330
68
102
}
330
68
100
AcDbModelDocViewStyle
 70
     0
  3
Imperial24
290
     1
300
Imperial24
 90
        0
100
AcDbSectionViewStyle
 70
     0
 71
     0
 90
       78
 71
     1
340
55
 62
   256
 40
0.24
340
0
340
0
 62
   256
 40
0.24
300
I, O, Q, S, X, Z
 40
0.48
 90
        3
 40
0.18
 90
        1
 71
     2
340
5D
 90
       25
 62
   256
340
5D
 90
       50
 62
   256
 40
0.24
 40
0.0
 40
0.24
 71
     3
340
55
 62
   256
 40
0.24
 90
        1
 40
0.75
 90
        1
300
%<\AcVar ViewType \f "%tc1">% %<\AcVar ViewSectionStartId>%-%<\AcVar ViewSectionEndId>%\PSCALE %<\AcVar ViewScale \f "%sn">%
 71
     4
 62
   256
 62
   257
300
ANSI31
 40
1.0
 90
        0
290
     0
290
     0
 90
        6
 40
0.0
 40
1.570796326794896
 40
0.2617993877991494
 40
1.308996938995747
 40
-0.2617993877991494
 40
1.832595714594046
  0
TABLESTYLE
  5
65
102
{ACAD_XDICTIONARY
360
1F7
102
}
102
{ACAD_REACTORS
330
64
102
}
330
64
100
AcDbTableStyle
280
     0
  3
Standard
 70
     0
 71
     0
 40
0.06
 41
0.06
280
     0
281
     0
  7
Standard
140
0.18
170
     2
 62
     0
 63
     7
283
     0
 90
      512
 91
        0
  1

274
    -2
284
     1
 64
     0
275
    -2
285
     1
 65
     0
276
    -2
286
     1
 66
     0
277
    -2
287
     1
 67
     0
278
    -2
288
     1
 68
     0
279
    -2
289
     1
 69
     0
  7
Standard
140
0.25
170
     5
 62
     0
 63
     7
283
     0
 90
      512
 91
        0
  1

274
    -2
284
     1
 64
     0
275
    -2
285
     1
 65
     0
276
    -2
286
     1
 66
     0
277
    -2
287
     1
 67
     0
278
    -2
288
     1
 68
     0
279
    -2
289
     1
 69
     0
  7
Standard
140
0.18
170
     5
 62
     0
 63
     7
283
     0
 90
      512
 91
        0
  1

274
    -2
284
     1
 64
     0
275
    -2
285
     1
 65
     0
276
    -2
286
     1
 66
     0
277
    -2
287
     1
 67
     0
278
    -2
288
     1
 68
     0
279
    -2
289
     1
 69
     0
  0
VISUALSTYLE
  5
2F
102
{ACAD_REACTORS
330
29
102
}
330
29
100
AcDbVisualStyle
  2
2dWireframe
 70
     4
177
     3
291
     0
 70
    58
 90
        0
176
     1
 90
        2
176
     1
 90
        0
176
     1
 90
        0
176
     1
 40
0.6
176
     1
 40
30.0
176
     1
 62
     7
420
 16777215
176
     1
 90
        1
176
     1
 90
        4
176
     1
 62
     7
176
     1
 62
   257
176
     1
 90
        1
176
     1
 90
        1
176
     1
 40
1.0
176
     1
 90
        0
176
     1
 62
   257
176
     1
 40
1.0
176
     1
 90
        1
176
     1
 90
        6
176
     1
 90
        2
176
     1
 62
     7
176
     1
 90
        5
176
     1
 90
        0
176
     1
 90
        0
176
     1
290
     0
176
     1
 90
        1
176
     1
 40
0.0
176
     1
 90
        0
176
     1
290
     1
176
     1
290
     1
176
     1
290
     0
176
     1
290
     0
176
     1
290
     0
176
     1
290
     0
176
     1
290
     0
176
     1
290
     0
176
     1
290
     0
176
     1
 90
       50
176
     1
 40
0.0
176
     1
 40
1.0
176
     1
 90
        0
176
     1
 62
    18
420
        0
176
     1
 90
       50
176
     1
 90
        3
176
     1
 62
     5
420
      255
176
     1
290
     0
176
     1
 90
       50
176
     1
 90
       50
176
     1
 90
       50
176
     1
290
     0
176
     1
 90
       50
176
     1
 62
   256
176
     0
 40
1.0
176
     0
 90
        2
176
     1
  1
strokes_ogs.tif
176
     1
290
     0
176
     1
 40
1.0
176
     1
 40
1.0
176
     1
  0
VISUALSTYLE
  5
2E
102
{ACAD_REACTORS
330
29
102
}
330
29
100
AcDbVisualStyle
  2
Basic
 70
     7
177
     3
291
     1
 70
    58
 90
        1
176
     1
 90
        0
176
     1
 90
        1
176
     1
 90
        0
176
     1
 40
0.6
176
     1
 40
30.0
176
     1
 62
     7
420
 16777215
176
     1
 90
        0
176
     1
 90
        4
176
     1
 62
     7
176
     1
 62
   257
176
     1
 90
        1
176
     1
 90
        1
176
     1
 40
1.0
176
     1
 90
        8
176
     1
 62
     7
176
     1
 40
1.0
176
     1
 90
        1
176
     1
 90
        6
176
     1
 90
        2
176
     1
 62
     7
176
     1
 90
        5
176
     1
 90
        0
176
     1
 90
        0
176
     1
290
     0
176
     1
 90
        1
176
     1
 40
0.0
176
     1
 90
        0
176
     1
290
     0
176
     1
290
     1
176
     1
290
     1
176
     1
290
     0
176
     1
290
     0
176
     1
290
     0
176
     1
290
     0
176
     1
290
     0
176
     1
290
     0
176
     1
 90
       50
176
     1
 40
0.0
176
     1
 40
1.0
176
     1
 90
        0
176
     1
 62
    18
420
        0
176
     1
 90
       50
176
     1
 90
        3
176
     1
 62
     5
420
      255
176
     1
290
     0
176
     1
 90
       50
176
     1
 90
       50
176
     1
 90
       50
176
     1
290
     0
176
     1
 90
       50
176
     1
 62
   256
176
     0
 40
1.0
176
     0
 90
        2
176
     1
  1
strokes_ogs.tif
176
     1
290
     0
176
     1
 40
1.0
176
     1
 40
1.0
176
     1
  0
VISUALSTYLE
  5
35
102
{ACAD_REACTORS
330
29
102
}
330
29
100
AcDbVisualStyle
  2
Brighten
 70
    12
177
     3
291
     1
 70
    58
 90
        2
176
     1
 90
        2
176
     1
 90
        0
176
     1
 90
        0
176
     1
 40
0.6
176
     1
 40
30.0
176
     1
 62
     7
420
 16777215
176
     1
 90
        1
176
     1
 90
        4
176
     1
 62
     7
176
     1
 62
   257
176
     1
 90
        1
176
     1
 90
        1
176
     1
 40
1.0
176
     1
 90
        8
176
     1
 62
     7
176
     1
 40
1.0
176
     1
 90
        1
176
     1
 90
        6
176
     1
 90
        2
176
     1
 62
     7
176
     1
 90
        5
176
     1
 90
        0
176
     1
 90
        0
176
     1
290
     0
176
     1
 90
        1
176
     1
 40
50.0
176
     1
 90
        0
176
     1
290
     0
176
     1
290
     1
176
     1
290
     1
176
     1
290
     0
176
     1
290
     0
176
     1
290
     0
176
     1
290
     0
176
     1
290
     0
176
     1
290
     0
176
     1
 90
       50
176
     1
 40
0.0
176
     1
 40
1.0
176
     1
 90
        0
176
     1
 62
    18
420
        0
176
     1
 90
       50
176
     1
 90
        3
176
     1
 62
     5
420
      255
176
     1
290
     0
176
     1
 90
       50
176
     1
 90
       50
176
     1
 90
       50
176
     1
290
     0
176
     1
 90
       50
176
     1
 62
   256
176
     0
 40
1.0
176
     0
 90
        2
176
     1
  1
strokes_ogs.tif
176
     1
290
     0
176
     1
 40
1.0
176
     1
 40
1.0
176
     1
  0
VISUALSTYLE
  5
39
102
{ACAD_REACTORS
330
29
102
}
330
29
100
AcDbVisualStyle
  2
ColorChange
 70
    16
177
     3
291
     1
 70
    58
 90
        2
176
     1
 90
        2
176
     1
 90
        3
176
     1
 90
        0
176
     1
 40
0.6
176
     1
 40
30.0
176
     1
 62
     8
420
  8421504
176
     1
 90
        1
176
     1
 90
        4
176
     1
 62
     7
176
     1
 62
   257
176
     1
 90
        1
176
     1
 90
        1
176
     1
 40
1.0
176
     1
 90
        8
176
     1
 62
     8
420
  8421504
176
     1
 40
1.0
176
     1
 90
        1
176
     1
 90
        6
176
     1
 90
        2
176
     1
 62
     7
176
     1
 90
        5
176
     1
 90
        0
176
     1
 90
        0
176
     1
290
     0
176
     1
 90
        1
176
     1
 40
0.0
176
     1
 90
        0
176
     1
290
     0
176
     1
290
     1
176
     1
290
     1
176
     1
290
     0
176
     1
290
     0
176
     1
290
     0
176
     1
290
     0
176
     1
290
     0
176
     1
290
     0
176
     1
 90
       50
176
     1
 40
0.0
176
     1
 40
1.0
176
     1
 90
        0
176
     1
 62
    18
420
        0
176
     1
 90
       50
176
     1
 90
        3
176
     1
 62
     5
420
      255
176
     1
290
     0
176
     1
 90
       50
176
     1
 90
       50
176
     1
 90
       50
176
     1
290
     0
176
     1
 90
       50
176
     1
 62
   256
176
     0
 40
1.0
176
     0
 90
        2
176
     1
  1
strokes_ogs.tif
176
     1
290
     0
176
     1
 40
1.0
176
     1
 40
1.0
176
     1
  0
VISUALSTYLE
  5
32
102
{ACAD_REACTORS
330
29
102
}
330
29
100
AcDbVisualStyle
  2
Conceptual
 70
     9
177
     3
291
     0
 70
    58
 90
        3
176
     1
 90
        2
176
     1
 90
        0
176
     1
 90
        0
176
     1
 40
0.6
176
     1
 40
30.0
176
     1
 62
     7
420
 16777215
176
     1
 90
        2
176
     1
 90
        2
176
     1
 62
     7
176
     1
 62
   257
176
     1
 90
        1
176
     1
 90
        1
176
     1
 40
179.0
176
     1
 90
        8
176
     1
 62
     7
176
     1
 40
1.0
176
     1
 90
        1
176
     1
 90
        6
176
     1
 90
        2
176
     1
 62
     7
176
     1
 90
        3
176
     1
 90
        0
176
     1
 90
        0
176
     1
290
     0
176
     1
 90
        1
176
     1
 40
0.0
176
     1
 90
        0
176
     1
290
     0
176
     1
290
     1
176
     1
290
     1
176
     1
290
     0
176
     1
290
     0
176
     1
290
     0
176
     1
290
     0
176
     1
290
     0
176
     1
290
     0
176
     1
 90
       50
176
     1
 40
0.0
176
     1
 40
1.0
176
     1
 90
        0
176
     1
 62
    18
420
        0
176
     1
 90
       50
176
     1
 90
        3
176
     1
 62
     5
420
      255
176
     1
290
     0
176
     1
 90
       50
176
     1
 90
       50
176
     1
 90
       50
176
     1
290
     0
176
     1
 90
       50
176
     1
 62
   256
176
     0
 40
1.0
176
     0
 90
        2
176
     1
  1
strokes_ogs.tif
176
     1
290
     0
176
     1
 40
1.0
176
     1
 40
1.0
176
     1
  0
VISUALSTYLE
  5
34
102
{ACAD_REACTORS
330
29
102
}
330
29
100
AcDbVisualStyle
  2
Dim
 70
    11
177
     3
291
     1
 70
    58
 90
        2
176
     1
 90
        2
176
     1
 90
        0
176
     1
 90
        0
176
     1
 40
0.6
176
     1
 40
30.0
176
     1
 62
     7
420
 16777215
176
     1
 90
        1
176
     1
 90
        4
176
     1
 62
     7
176
     1
 62
   257
176
     1
 90
        1
176
     1
 90
        1
176
     1
 40
1.0
176
     1
 90
        8
176
     1
 62
     7
176
     1
 40
1.0
176
     1
 90
        1
176
     1
 90
        6
176
     1
 90
        2
176
     1
 62
     7
176
     1
 90
        5
176
     1
 90
        0
176
     1
 90
        0
176
     1
290
     0
176
     1
 90
        1
176
     1
 40
-50.0
176
     1
 90
        0
176
     1
290
     0
176
     1
290
     1
176
     1
290
     1
176
     1
290
     0
176
     1
290
     0
176
     1
290
     0
176
     1
290
     0
176
     1
290
     0
176
     1
290
     0
176
     1
 90
       50
176
     1
 40
0.0
176
     1
 40
1.0
176
     1
 90
        0
176
     1
 62
    18
420
        0
176
     1
 90
       50
176
     1
 90
        3
176
     1
 62
     5
420
      255
176
     1
290
     0
176
     1
 90
       50
176
     1
 90
       50
176
     1
 90
       50
176
     1
290
     0
176
     1
 90
       50
176
     1
 62
   256
176
     0
 40
1.0
176
     0
 90
        2
176
     1
  1
strokes_ogs.tif
176
     1
290
     0
176
     1
 40
1.0
176
     1
 40
1.0
176
     1
  0
VISUALSTYLE
  5
41
102
{ACAD_REACTORS
330
29
102
}
330
29
100
AcDbVisualStyle
  2
EdgeColorOff
 70
    22
177
     3
291
     1
 70
    58
 90
        2
176
     0
 90
        2
176
     0
 90
        0
176
     0
 90
        0
176
     0
 40
0.6
176
     0
 40
30.0
176
     0
 62
     7
420
 16777215
176
     0
 90
        1
176
     0
 90
        4
176
     0
 62
     7
176
     0
 62
   257
176
     0
 90
        1
176
     0
 90
        1
176
     0
 40
1.0
176
     0
 90
        8
176
     2
 62
     7
176
     0
 40
1.0
176
     0
 90
        1
176
     0
 90
        6
176
     0
 90
        2
176
     0
 62
     7
176
     0
 90
        5
176
     0
 90
        0
176
     0
 90
        0
176
     0
290
     0
176
     0
 90
        1
176
     0
 40
0.0
176
     0
 90
        0
176
     0
290
     0
176
     0
290
     1
176
     0
290
     1
176
     0
290
     0
176
     0
290
     0
176
     0
290
     0
176
     0
290
     0
176
     0
290
     0
176
     0
290
     0
176
     0
 90
       50
176
     0
 40
0.0
176
     0
 40
1.0
176
     0
 90
        0
176
     0
 62
    18
420
        0
176
     0
 90
       50
176
     0
 90
        3
176
     0
 62
     5
420
      255
176
     0
290
     0
176
     0
 90
       50
176
     0
 90
       50
176
     0
 90
       50
176
     0
290
     0
176
     0
 90
       50
176
     0
 62
   256
176
     0
 40
1.0
176
     0
 90
        2
176
     0
  1
strokes_ogs.tif
176
     0
290
     0
176
     0
 40
1.0
176
     0
 40
1.0
176
     0
  0
VISUALSTYLE
  5
38
102
{ACAD_REACTORS
330
29
102
}
330
29
100
AcDbVisualStyle
  2
Facepattern
 70
    15
177
     3
291
     1
 70
    58
 90
        2
176
     1
 90
        2
176
     1
 90
        0
176
     1
 90
        0
176
     1
 40
0.6
176
     1
 40
30.0
176
     1
 62
     7
420
 16777215
176
     1
 90
        1
176
     1
 90
        4
176
     1
 62
     7
176
     1
 62
   257
176
     1
 90
        1
176
     1
 90
        1
176
     1
 40
1.0
176
     1
 90
        8
176
     1
 62
     7
176
     1
 40
1.0
176
     1
 90
        1
176
     1
 90
        6
176
     1
 90
        2
176
     1
 62
     7
176
     1
 90
        5
176
     1
 90
        0
176
     1
 90
        0
176
     1
290
     0
176
     1
 90
        1
176
     1
 40
0.0
176
     1
 90
        0
176
     1
290
     0
176
     1
290
     1
176
     1
290
     1
176
     1
290
     0
176
     1
290
     0
176
     1
290
     0
176
     1
290
     0
176
     1
290
     0
176
     1
290
     0
176
     1
 90
       50
176
     1
 40
0.0
176
     1
 40
1.0
176
     1
 90
        0
176
     1
 62
    18
420
        0
176
     1
 90
       50
176
     1
 90
        3
176
     1
 62
     5
420
      255
176
     1
290
     0
176
     1
 90
       50
176
     1
 90
       50
176
     1
 90
       50
176
     1
290
     0
176
     1
 90
       50
176
     1
 62
   256
176
     0
 40
1.0
176
     0
 90
        2
176
     1
  1
strokes_ogs.tif
176
     1
290
     0
176
     1
 40
1.0
176
     1
 40
1.0
176
     1
  0
VISUALSTYLE
  5
2A
102
{ACAD_REACTORS
330
29
102
}
330
29
100
AcDbVisualStyle
  2
Flat
 70
     0
177
     3
291
     1
 70
    58
 90
        2
176
     1
 90
        1
176
     1
 90
        1
176
     1
 90
        2
176
     1
 40
0.6
176
     1
 40
30.0
176
     1
 62
     7
420
 16777215
176
     1
 90
        0
176
     1
 90
        0
176
     1
 62
     7
176
     1
 62
   257
176
     1
 90
        1
176
     1
 90
        1
176
     1
 40
1.0
176
     1
 90
        8
176
     1
 62
     7
176
     1
 40
1.0
176
     1
 90
        1
176
     1
 90
        6
176
     1
 90
        2
176
     1
 62
     7
176
     1
 90
        5
176
     1
 90
        0
176
     1
 90
        0
176
     1
290
     0
176
     1
 90
       13
176
     1
 40
0.0
176
     1
 90
        0
176
     1
290
     0
176
     1
290
     1
176
     1
290
     1
176
     1
290
     0
176
     1
290
     0
176
     1
290
     0
176
     1
290
     0
176
     1
290
     0
176
     1
290
     0
176
     1
 90
       50
176
     1
 40
0.0
176
     1
 40
1.0
176
     1
 90
        0
176
     1
 62
    18
420
        0
176
     1
 90
       50
176
     1
 90
        3
176
     1
 62
     5
420
      255
176
     1
290
     0
176
     1
 90
       50
176
     1
 90
       50
176
     1
 90
       50
176
     1
290
     0
176
     1
 90
       50
176
     1
 62
   256
176
     0
 40
1.0
176
     0
 90
        2
176
     1
  1
strokes_ogs.tif
176
     1
290
     0
176
     1
 40
1.0
176
     1
 40
1.0
176
     1
  0
VISUALSTYLE
  5
2B
102
{ACAD_REACTORS
330
29
102
}
330
29
100
AcDbVisualStyle
  2
FlatWithEdges
 70
     1
177
     3
291
     1
 70
    58
 90
        2
176
     1
 90
        1
176
     1
 90
        1
176
     1
 90
        2
176
     1
 40
0.6
176
     1
 40
30.0
176
     1
 62
     7
420
 16777215
176
     1
 90
        1
176
     1
 90
        0
176
     1
 62
     7
176
     1
 62
   257
176
     1
 90
        1
176
     1
 90
        1
176
     1
 40
1.0
176
     1
 90
        0
176
     1
 62
   257
176
     1
 40
1.0
176
     1
 90
        1
176
     1
 90
        6
176
     1
 90
        2
176
     1
 62
     7
176
     1
 90
        5
176
     1
 90
        0
176
     1
 90
        0
176
     1
290
     0
176
     1
 90
       13
176
     1
 40
0.0
176
     1
 90
        0
176
     1
290
     0
176
     1
290
     1
176
     1
290
     1
176
     1
290
     0
176
     1
290
     0
176
     1
290
     0
176
     1
290
     0
176
     1
290
     0
176
     1
290
     0
176
     1
 90
       50
176
     1
 40
0.0
176
     1
 40
1.0
176
     1
 90
        0
176
     1
 62
    18
420
        0
176
     1
 90
       50
176
     1
 90
        3
176
     1
 62
     5
420
      255
176
     1
290
     0
176
     1
 90
       50
176
     1
 90
       50
176
     1
 90
       50
176
     1
290
     0
176
     1
 90
       50
176
     1
 62
   256
176
     0
 40
1.0
176
     0
 90
        2
176
     1
  1
strokes_ogs.tif
176
     1
290
     0
176
     1
 40
1.0
176
     1
 40
1.0
176
     1
  0
VISUALSTYLE
  5
2C
102
{ACAD_REACTORS
330
29
102
}
330
29
100
AcDbVisualStyle
  2
Gouraud
 70
     2
177
     3
291
     1
 70
    58
 90
        2
176
     1
 90
        2
176
     1
 90
        1
176
     1
 90
        2
176
     1
 40
0.6
176
     1
 40
30.0
176
     1
 62
     7
420
 16777215
176
     1
 90
        0
176
     1
 90
        0
176
     1
 62
     7
176
     1
 62
   257
176
     1
 90
        1
176
     1
 90
        1
176
     1
 40
1.0
176
     1
 90
        0
176
     1
 62
     7
176
     1
 40
1.0
176
     1
 90
        1
176
     1
 90
        6
176
     1
 90
        2
176
     1
 62
     7
176
     1
 90
        5
176
     1
 90
        0
176
     1
 90
        0
176
     1
290
     0
176
     1
 90
       13
176
     1
 40
0.0
176
     1
 90
        0
176
     1
290
     0
176
     1
290
     1
176
     1
290
     1
176
     1
290
     0
176
     1
290
     0
176
     1
290
     0
176
     1
290
     0
176
     1
290
     0
176
     1
290
     0
176
     1
 90
       50
176
     1
 40
0.0
176
     1
 40
1.0
176
     1
 90
        0
176
     1
 62
    18
420
        0
176
     1
 90
       50
176
     1
 90
        3
176
     1
 62
     5
420
      255
176
     1
290
     0
176
     1
 90
       50
176
     1
 90
       50
176
     1
 90
       50
176
     1
290
     0
176
     1
 90
       50
176
     1
 62
   256
176
     0
 40
1.0
176
     0
 90
        2
176
     1
  1
strokes_ogs.tif
176
     1
290
     0
176
     1
 40
1.0
176
     1
 40
1.0
176
     1
  0
VISUALSTYLE
  5
2D
102
{ACAD_REACTORS
330
29
102
}
330
29
100
AcDbVisualStyle
  2
GouraudWithEdges
 70
     3
177
     3
291
     1
 70
    58
 90
        2
176
     1
 90
        2
176
     1
 90
        1
176
     1
 90
        2
176
     1
 40
0.6
176
     1
 40
30.0
176
     1
 62
     7
420
 16777215
176
     1
 90
        1
176
     1
 90
        0
176
     1
 62
     7
176
     1
 62
   257
176
     1
 90
        1
176
     1
 90
        1
176
     1
 40
1.0
176
     1
 90
        0
176
     1
 62
   257
176
     1
 40
1.0
176
     1
 90
        1
176
     1
 90
        6
176
     1
 90
        2
176
     1
 62
     7
176
     1
 90
        5
176
     1
 90
        0
176
     1
 90
        0
176
     1
290
     0
176
     1
 90
       13
176
     1
 40
0.0
176
     1
 90
        0
176
     1
290
     0
176
     1
290
     1
176
     1
290
     1
176
     1
290
     0
176
     1
290
     0
176
     1
290
     0
176
     1
290
     0
176
     1
290
     0
176
     1
290
     0
176
     1
 90
       50
176
     1
 40
0.0
176
     1
 40
1.0
176
     1
 90
        0
176
     1
 62
    18
420
        0
176
     1
 90
       50
176
     1
 90
        3
176
     1
 62
     5
420
      255
176
     1
290
     0
176
     1
 90
       50
176
     1
 90
       50
176
     1
 90
       50
176
     1
290
     0
176
     1
 90
       50
176
     1
 62
   256
176
     0
 40
1.0
176
     0
 90
        2
176
     1
  1
strokes_ogs.tif
176
     1
290
     0
176
     1
 40
1.0
176
     1
 40
1.0
176
     1
  0
VISUALSTYLE
  5
31
102
{ACAD_REACTORS
330
29
102
}
330
29
100
AcDbVisualStyle
  2
Hidden
 70
     6
177
     3
291
     0
 70
    58
 90
        1
176
     1
 90
        2
176
     1
 90
        2
176
     1
 90
        0
176
     1
 40
0.6
176
     1
 40
30.0
176
     1
 62
     7
420
 16777215
176
     1
 90
        2
176
     1
 90
        2
176
     1
 62
     7
176
     1
 62
   257
176
     1
 90
        2
176
     1
 90
        1
176
     1
 40
40.0
176
     1
 90
        0
176
     1
 62
   257
176
     1
 40
1.0
176
     1
 90
        1
176
     1
 90
        6
176
     1
 90
        2
176
     1
 62
     7
176
     1
 90
        3
176
     1
 90
        0
176
     1
 90
        0
176
     1
290
     0
176
     1
 90
        1
176
     1
 40
0.0
176
     1
 90
        0
176
     1
290
     0
176
     1
290
     1
176
     1
290
     1
176
     1
290
     0
176
     1
290
     0
176
     1
290
     0
176
     1
290
     0
176
     1
290
     0
176
     1
290
     0
176
     1
 90
       50
176
     1
 40
0.0
176
     1
 40
1.0
176
     1
 90
        0
176
     1
 62
    18
420
        0
176
     1
 90
       50
176
     1
 90
        3
176
     1
 62
     5
420
      255
176
     1
290
     0
176
     1
 90
       50
176
     1
 90
       50
176
     1
 90
       50
176
     1
290
     0
176
     1
 90
       50
176
     1
 62
   256
176
     0
 40
1.0
176
     0
 90
        2
176
     1
  1
strokes_ogs.tif
176
     1
290
     0
176
     1
 40
1.0
176
     1
 40
1.0
176
     1
  0
VISUALSTYLE
  5
3F
102
{ACAD_REACTORS
330
29
102
}
330
29
100
AcDbVisualStyle
  2
JitterOff
 70
    20
177
     3
291
     1
 70
    58
 90
        2
176
     0
 90
        2
176
     0
 90
        0
176
     0
 90
        0
176
     0
 40
0.6
176
     0
 40
30.0
176
     0
 62
     7
420
 16777215
176
     0
 90
        1
176
     0
 90
        4
176
     0
 62
     7
176
     0
 62
   257
176
     0
 90
        1
176
     0
 90
        1
176
     0
 40
1.0
176
     0
 90
       10
176
     2
 62
     7
176
     0
 40
1.0
176
     0
 90
        1
176
     0
 90
        6
176
     0
 90
        2
176
     0
 62
     7
176
     0
 90
        5
176
     0
 90
        0
176
     0
 90
        0
176
     0
290
     0
176
     0
 90
        1
176
     0
 40
0.0
176
     0
 90
        0
176
     0
290
     0
176
     0
290
     1
176
     0
290
     1
176
     0
290
     0
176
     0
290
     0
176
     0
290
     0
176
     0
290
     0
176
     0
290
     0
176
     0
290
     0
176
     0
 90
       50
176
     0
 40
0.0
176
     0
 40
1.0
176
     0
 90
        0
176
     0
 62
    18
420
        0
176
     0
 90
       50
176
     0
 90
        3
176
     0
 62
     5
420
      255
176
     0
290
     0
176
     0
 90
       50
176
     0
 90
       50
176
     0
 90
       50
176
     0
290
     0
176
     0
 90
       50
176
     0
 62
   256
176
     0
 40
1.0
176
     0
 90
        2
176
     0
  1
strokes_ogs.tif
176
     0
290
     0
176
     0
 40
1.0
176
     0
 40
1.0
176
     0
  0
VISUALSTYLE
  5
37
102
{ACAD_REACTORS
330
29
102
}
330
29
100
AcDbVisualStyle
  2
Linepattern
 70
    14
177
     3
291
     1
 70
    58
 90
        2
176
     1
 90
        2
176
     1
 90
        0
176
     1
 90
        0
176
     1
 40
0.6
176
     1
 40
30.0
176
     1
 62
     7
420
 16777215
176
     1
 90
        1
176
     1
 90
        4
176
     1
 62
     7
176
     1
 62
   257
176
     1
 90
        7
176
     1
 90
        7
176
     1
 40
1.0
176
     1
 90
        8
176
     1
 62
     7
176
     1
 40
1.0
176
     1
 90
        1
176
     1
 90
        6
176
     1
 90
        2
176
     1
 62
     7
176
     1
 90
        5
176
     1
 90
        0
176
     1
 90
        0
176
     1
290
     0
176
     1
 90
        1
176
     1
 40
0.0
176
     1
 90
        0
176
     1
290
     0
176
     1
290
     1
176
     1
290
     1
176
     1
290
     0
176
     1
290
     0
176
     1
290
     0
176
     1
290
     0
176
     1
290
     0
176
     1
290
     0
176
     1
 90
       50
176
     1
 40
0.0
176
     1
 40
1.0
176
     1
 90
        0
176
     1
 62
    18
420
        0
176
     1
 90
       50
176
     1
 90
        3
176
     1
 62
     5
420
      255
176
     1
290
     0
176
     1
 90
       50
176
     1
 90
       50
176
     1
 90
       50
176
     1
290
     0
176
     1
 90
       50
176
     1
 62
   256
176
     0
 40
1.0
176
     0
 90
        2
176
     1
  1
strokes_ogs.tif
176
     1
290
     0
176
     1
 40
1.0
176
     1
 40
1.0
176
     1
  0
VISUALSTYLE
  5
40
102
{ACAD_REACTORS
330
29
102
}
330
29
100
AcDbVisualStyle
  2
OverhangOff
 70
    21
177
     3
291
     1
 70
    58
 90
        2
176
     0
 90
        2
176
     0
 90
        0
176
     0
 90
        0
176
     0
 40
0.6
176
     0
 40
30.0
176
     0
 62
     7
420
 16777215
176
     0
 90
        1
176
     0
 90
        4
176
     0
 62
     7
176
     0
 62
   257
176
     0
 90
        1
176
     0
 90
        1
176
     0
 40
1.0
176
     0
 90
        9
176
     2
 62
     7
176
     0
 40
1.0
176
     0
 90
        1
176
     0
 90
        6
176
     0
 90
        2
176
     0
 62
     7
176
     0
 90
        5
176
     0
 90
        0
176
     0
 90
        0
176
     0
290
     0
176
     0
 90
        1
176
     0
 40
0.0
176
     0
 90
        0
176
     0
290
     0
176
     0
290
     1
176
     0
290
     1
176
     0
290
     0
176
     0
290
     0
176
     0
290
     0
176
     0
290
     0
176
     0
290
     0
176
     0
290
     0
176
     0
 90
       50
176
     0
 40
0.0
176
     0
 40
1.0
176
     0
 90
        0
176
     0
 62
    18
420
        0
176
     0
 90
       50
176
     0
 90
        3
176
     0
 62
     5
420
      255
176
     0
290
     0
176
     0
 90
       50
176
     0
 90
       50
176
     0
 90
       50
176
     0
290
     0
176
     0
 90
       50
176
     0
 62
   256
176
     0
 40
1.0
176
     0
 90
        2
176
     0
  1
strokes_ogs.tif
176
     0
290
     0
176
     0
 40
1.0
176
     0
 40
1.0
176
     0
  0
VISUALSTYLE
  5
33
102
{ACAD_REACTORS
330
29
102
}
330
29
100
AcDbVisualStyle
  2
Realistic
 70
     8
177
     3
291
     0
 70
    58
 90
        2
176
     1
 90
        3
176
     1
 90
        0
176
     1
 90
        2
176
     1
 40
0.6
176
     1
 40
30.0
176
     1
 62
     7
420
 16777215
176
     1
 90
        0
176
     1
 90
        0
176
     1
 62
     7
176
     1
 62
   257
176
     1
 90
        1
176
     1
 90
        1
176
     1
 40
1.0
176
     1
 90
        8
176
     1
 62
   257
176
     1
 40
1.0
176
     1
 90
        1
176
     1
 90
        6
176
     1
 90
        2
176
     1
 62
     7
176
     1
 90
        3
176
     1
 90
        0
176
     1
 90
        0
176
     1
290
     0
176
     1
 90
       13
176
     1
 40
0.0
176
     1
 90
        0
176
     1
290
     0
176
     1
290
     1
176
     1
290
     1
176
     1
290
     0
176
     1
290
     0
176
     1
290
     0
176
     1
290
     0
176
     1
290
     0
176
     1
290
     0
176
     1
 90
       50
176
     1
 40
0.0
176
     1
 40
1.0
176
     1
 90
        0
176
     1
 62
    18
420
        0
176
     1
 90
       50
176
     1
 90
        3
176
     1
 62
     5
420
      255
176
     1
290
     0
176
     1
 90
       50
176
     1
 90
       50
176
     1
 90
       50
176
     1
290
     0
176
     1
 90
       50
176
     1
 62
   256
176
     0
 40
1.0
176
     0
 90
        2
176
     1
  1
strokes_ogs.tif
176
     1
290
     0
176
     1
 40
1.0
176
     1
 40
1.0
176
     1
  0
VISUALSTYLE
  5
3E
102
{ACAD_REACTORS
330
29
102
}
330
29
100
AcDbVisualStyle
  2
Shaded
 70
    27
177
     3
291
     0
 70
    58
 90
        2
176
     1
 90
        2
176
     1
 90
        1
176
     1
 90
        2
176
     1
 40
0.6
176
     1
 40
30.0
176
     1
 62
     7
420
 16777215
176
     1
 90
        0
176
     1
 90
        4
176
     1
 62
     7
176
     1
 62
   257
176
     1
 90
        1
176
     1
 90
        1
176
     1
 40
1.0
176
     1
 90
        8
176
     1
 62
   257
176
     1
 40
1.0
176
     1
 90
        1
176
     1
 90
        6
176
     1
 90
        2
176
     1
 62
     8
420
  7895160
176
     1
 90
        3
176
     1
 90
        0
176
     1
 90
        0
176
     1
290
     0
176
     1
 90
        5
176
     1
 40
0.0
176
     1
 90
        0
176
     1
290
     0
176
     1
290
     1
176
     1
290
     1
176
     1
290
     0
176
     1
290
     0
176
     1
290
     0
176
     1
290
     0
176
     1
290
     0
176
     1
290
     0
176
     1
 90
       50
176
     1
 40
0.0
176
     1
 40
1.0
176
     1
 90
        0
176
     1
 62
    18
420
        0
176
     1
 90
       50
176
     1
 90
        3
176
     1
 62
     5
420
      255
176
     1
290
     0
176
     1
 90
       50
176
     1
 90
       50
176
     1
 90
       50
176
     1
290
     0
176
     1
 90
       50
176
     1
 62
   256
176
     0
 40
1.0
176
     0
 90
        2
176
     1
  1
strokes_ogs.tif
176
     1
290
     0
176
     1
 40
1.0
176
     1
 40
1.0
176
     1
  0
VISUALSTYLE
  5
3D
102
{ACAD_REACTORS
330
29
102
}
330
29
100
AcDbVisualStyle
  2
Shaded with edges
 70
    26
177
     3
291
     0
 70
    58
 90
        2
176
     1
 90
        2
176
     1
 90
        1
176
     1
 90
        2
176
     1
 40
0.6
176
     1
 40
30.0
176
     1
 62
     7
420
 16777215
176
     1
 90
        1
176
     1
 90
        2
176
     1
 62
     7
176
     1
 62
   257
176
     1
 90
        2
176
     1
 90
        1
176
     1
 40
1.0
176
     1
 90
        8
176
     1
 62
   257
176
     1
 40
1.0
176
     1
 90
        1
176
     1
 90
        6
176
     1
 90
        2
176
     1
 62
     7
176
     1
 90
        3
176
     1
 90
        0
176
     1
 90
        0
176
     1
290
     0
176
     1
 90
        5
176
     1
 40
0.0
176
     1
 90
        0
176
     1
290
     0
176
     1
290
     1
176
     1
290
     1
176
     1
290
     0
176
     1
290
     0
176
     1
290
     0
176
     1
290
     0
176
     1
290
     0
176
     1
290
     0
176
     1
 90
       50
176
     1
 40
0.0
176
     1
 40
1.0
176
     1
 90
        0
176
     1
 62
    18
420
        0
176
     1
 90
       50
176
     1
 90
        3
176
     1
 62
     5
420
      255
176
     1
290
     0
176
     1
 90
       50
176
     1
 90
       50
176
     1
 90
       50
176
     1
290
     0
176
     1
 90
       50
176
     1
 62
   256
176
     0
 40
1.0
176
     0
 90
        2
176
     1
  1
strokes_ogs.tif
176
     1
290
     0
176
     1
 40
1.0
176
     1
 40
1.0
176
     1
  0
VISUALSTYLE
  5
3A
102
{ACAD_REACTORS
330
29
102
}
330
29
100
AcDbVisualStyle
  2
Shades of Gray
 70
    23
177
     3
291
     0
 70
    58
 90
        2
176
     1
 90
        2
176
     1
 90
        3
176
     1
 90
        0
176
     1
 40
0.6
176
     1
 40
30.0
176
     1
 62
     7
420
 16777215
176
     1
 90
        2
176
     1
 90
        2
176
     1
 62
     7
176
     1
 62
     7
176
     1
 90
        1
176
     1
 90
        1
176
     1
 40
40.0
176
     1
 90
        8
176
     1
 62
     7
176
     1
 40
1.0
176
     1
 90
        1
176
     1
 90
        6
176
     1
 90
        2
176
     1
 62
     7
176
     1
 90
        3
176
     1
 90
        0
176
     1
 90
        0
176
     1
290
     0
176
     1
 90
        1
176
     1
 40
0.0
176
     1
 90
        0
176
     1
290
     0
176
     1
290
     1
176
     1
290
     1
176
     1
290
     0
176
     1
290
     0
176
     1
290
     0
176
     1
290
     0
176
     1
290
     0
176
     1
290
     0
176
     1
 90
       50
176
     1
 40
0.0
176
     1
 40
1.0
176
     1
 90
        0
176
     1
 62
    18
420
        0
176
     1
 90
       50
176
     1
 90
        3
176
     1
 62
     5
420
      255
176
     1
290
     0
176
     1
 90
       50
176
     1
 90
       50
176
     1
 90
       50
176
     1
290
     0
176
     1
 90
       50
176
     1
 62
   256
176
     0
 40
1.0
176
     0
 90
        2
176
     1
  1
strokes_ogs.tif
176
     1
290
     0
176
     1
 40
1.0
176
     1
 40
1.0
176
     1
  0
VISUALSTYLE
  5
3B
102
{ACAD_REACTORS
330
29
102
}
330
29
100
AcDbVisualStyle
  2
Sketchy
 70
    24
177
     3
291
     0
 70
    58
 90
        1
176
     1
 90
        2
176
     1
 90
        2
176
     1
 90
        0
176
     1
 40
0.6
176
     1
 40
30.0
176
     1
 62
     7
420
 16777215
176
     1
 90
        2
176
     1
 90
        2
176
     1
 62
     7
176
     1
 62
     7
176
     1
 90
        1
176
     1
 90
        1
176
     1
 40
40.0
176
     1
 90
       11
176
     1
 62
     7
176
     1
 40
1.0
176
     1
 90
        1
176
     1
 90
        6
176
     1
 90
        2
176
     1
 62
     7
176
     1
 90
        6
176
     1
 90
        0
176
     1
 90
        0
176
     1
290
     0
176
     1
 90
        1
176
     1
 40
0.0
176
     1
 90
        0
176
     1
290
     0
176
     1
290
     1
176
     1
290
     1
176
     1
290
     0
176
     1
290
     0
176
     1
290
     0
176
     1
290
     0
176
     1
290
     0
176
     1
290
     0
176
     1
 90
       50
176
     1
 40
0.0
176
     1
 40
1.0
176
     1
 90
        0
176
     1
 62
    18
420
        0
176
     1
 90
       50
176
     1
 90
        3
176
     1
 62
     5
420
      255
176
     1
290
     0
176
     1
 90
       50
176
     1
 90
       50
176
     1
 90
       50
176
     1
290
     0
176
     1
 90
       50
176
     1
 62
   256
176
     0
 40
1.0
176
     0
 90
        2
176
     1
  1
strokes_ogs.tif
176
     1
290
     0
176
     1
 40
1.0
176
     1
 40
1.0
176
     1
  0
VISUALSTYLE
  5
36
102
{ACAD_REACTORS
330
29
102
}
330
29
100
AcDbVisualStyle
  2
Thicken
 70
    13
177
     3
291
     1
 70
    58
 90
        2
176
     1
 90
        2
176
     1
 90
        0
176
     1
 90
        0
176
     1
 40
0.6
176
     1
 40
30.0
176
     1
 62
     7
420
 16777215
176
     1
 90
        1
176
     1
 90
        4
176
     1
 62
     7
176
     1
 62
   257
176
     1
 90
        1
176
     1
 90
        1
176
     1
 40
1.0
176
     1
 90
       12
176
     1
 62
     7
176
     1
 40
1.0
176
     1
 90
        1
176
     1
 90
        6
176
     1
 90
        2
176
     1
 62
     7
176
     1
 90
        5
176
     1
 90
        0
176
     1
 90
        0
176
     1
290
     0
176
     1
 90
        1
176
     1
 40
0.0
176
     1
 90
        0
176
     1
290
     0
176
     1
290
     1
176
     1
290
     1
176
     1
290
     0
176
     1
290
     0
176
     1
290
     0
176
     1
290
     0
176
     1
290
     0
176
     1
290
     0
176
     1
 90
       50
176
     1
 40
0.0
176
     1
 40
1.0
176
     1
 90
        0
176
     1
 62
    18
420
        0
176
     1
 90
       50
176
     1
 90
        3
176
     1
 62
     5
420
      255
176
     1
290
     0
176
     1
 90
       50
176
     1
 90
       50
176
     1
 90
       50
176
     1
290
     0
176
     1
 90
       50
176
     1
 62
   256
176
     0
 40
1.0
176
     0
 90
        2
176
     1
  1
strokes_ogs.tif
176
     1
290
     0
176
     1
 40
1.0
176
     1
 40
1.0
176
     1
  0
VISUALSTYLE
  5
30
102
{ACAD_REACTORS
330
29
102
}
330
29
100
AcDbVisualStyle
  2
Wireframe
 70
     5
177
     3
291
     0
 70
    58
 90
        0
176
     1
 90
        2
176
     1
 90
        0
176
     1
 90
        0
176
     1
 40
0.6
176
     1
 40
30.0
176
     1
 62
     7
420
 16777215
176
     1
 90
        1
176
     1
 90
        4
176
     1
 62
     7
176
     1
 62
   257
176
     1
 90
        1
176
     1
 90
        1
176
     1
 40
1.0
176
     1
 90
        0
176
     1
 62
   257
176
     1
 40
1.0
176
     1
 90
        1
176
     1
 90
        6
176
     1
 90
        2
176
     1
 62
     7
176
     1
 90
        3
176
     1
 90
        0
176
     1
 90
        0
176
     1
290
     0
176
     1
 90
        1
176
     1
 40
0.0
176
     1
 90
        0
176
     1
290
     0
176
     1
290
     1
176
     1
290
     1
176
     1
290
     0
176
     1
290
     0
176
     1
290
     0
176
     1
290
     0
176
     1
290
     0
176
     1
290
     0
176
     1
 90
       50
176
     1
 40
0.0
176
     1
 40
1.0
176
     1
 90
        0
176
     1
 62
    18
420
        0
176
     1
 90
       50
176
     1
 90
        3
176
     1
 62
     5
420
      255
176
     1
290
     0
176
     1
 90
       50
176
     1
 90
       50
176
     1
 90
       50
176
     1
290
     0
176
     1
 90
       50
176
     1
 62
   256
176
     0
 40
1.0
176
     0
 90
        2
176
     1
  1
strokes_ogs.tif
176
     1
290
     0
176
     1
 40
1.0
176
     1
 40
1.0
176
     1
  0
VISUALSTYLE
  5
3C
102
{ACAD_REACTORS
330
29
102
}
330
29
100
AcDbVisualStyle
  2
X-Ray
 70
    25
177
     3
291
     0
 70
    58
 90
        2
176
     1
 90
        2
176
     1
 90
        1
176
     1
 90
        1
176
     1
 40
0.5
176
     1
 40
30.0
176
     1
 62
     7
420
 16777215
176
     1
 90
        1
176
     1
 90
        0
176
     1
 62
     7
176
     1
 62
   257
176
     1
 90
        1
176
     1
 90
        1
176
     1
 40
1.0
176
     1
 90
        8
176
     1
 62
     7
176
     1
 40
1.0
176
     1
 90
        1
176
     1
 90
        6
176
     1
 90
        2
176
     1
 62
     7
176
     1
 90
        3
176
     1
 90
        0
176
     1
 90
        0
176
     1
290
     0
176
     1
 90
       13
176
     1
 40
0.0
176
     1
 90
        0
176
     1
290
     0
176
     1
290
     1
176
     1
290
     1
176
     1
290
     0
176
     1
290
     0
176
     1
290
     0
176
     1
290
     0
176
     1
290
     0
176
     1
290
     0
176
     1
 90
       50
176
     1
 40
0.0
176
     1
 40
1.0
176
     1
 90
        0
176
     1
 62
    18
420
        0
176
     1
 90
       50
176
     1
 90
        3
176
     1
 62
     5
420
      255
176
     1
290
     0
176
     1
 90
       50
176
     1
 90
       50
176
     1
 90
       50
176
     1
290
     0
176
     1
 90
       50
176
     1
 62
   256
176
     0
 40
1.0
176
     0
 90
        2
176
     1
  1
strokes_ogs.tif
176
     1
290
     0
176
     1
 40
1.0
176
     1
 40
1.0
176
     1
  0
DICTIONARYVAR
  5
80
102
{ACAD_REACTORS
330
7B
102
}
330
7B
100
DictionaryVariables
280
     0
  1
1:1
  0
DICTIONARYVAR
  5
7D
102
{ACAD_REACTORS
330
7B
102
}
330
7B
100
DictionaryVariables
280
     0
  1
STANDARD
  0
DICTIONARYVAR
  5
7C
102
{ACAD_REACTORS
330
7B
102
}
330
7B
100
DictionaryVariables
280
     0
  1
STANDARD
  0
DICTIONARYVAR
  5
7E
102
{ACAD_REACTORS
330
7B
102
}
330
7B
100
DictionaryVariables
280
     0
  1
Imperial24
  0
DICTIONARYVAR
  5
7F
102
{ACAD_REACTORS
330
7B
102
}
330
7B
100
DictionaryVariables
280
     0
  1
Imperial24
  0
XRECORD
  5
1F3
102
{ACAD_REACTORS
330
1EF
102
}
330
1EF
100
AcDbXrecord
280
     1
  1
BUILDING_ID
  1
A1 HORIZONTAL - PTG CONSULTING_COMMERCIAL
  1
FLOOR_ID
  1
2355363
  0
XRECORD
  5
1F1
102
{ACAD_REACTORS
330
1EF
102
}
330
1EF
100
AcDbXrecord
280
     1
  1
-2000051
  1
Lines
  1
-2000150
  1
Generic Annotations
  1
-2000260
  1
Dimensions
  1
-2000280
  1
Title Blocks
  1
-2000300
  1
Text Notes
  1
-2000510
  1
Viewports
  1
-2000560
  1
Raster Images
  1
-2000570
  1
Schedule Graphics
  0
XRECORD
  5
1F2
102
{ACAD_REACTORS
330
1EF
102
}
330
1EF
100
AcDbXrecord
280
     1
  1
2352700
  1
Title Sheet 0.1
  1
2352702
  1
Title Sheet 0.2
  1
2352704
  1
Title Sheet 0.5
  1
2352707
  1
Title Sheet 0.1
  0
XRECORD
  5
1F0
102
{ACAD_REACTORS
330
1EF
102
}
330
1EF
100
AcDbXrecord
280
     1
  1
2352732
  1
Raster image : PTGCONSULTING png - Copy.png
  1
2355425
  1
Angular Dimension Style : Linear
  1
2355520
  1
Tag Label : Title Sheet - 5.0mm
  1
2355593
  1
Text : Title Sheet - 3.0mm
  1
2355598
  1
Text : Title Sheet - 2.0mm
  1
2355605
  1
Tag Label : Title Sheet - 3.5mm
  1
2355610
  1
Tag Label : Title Sheet - 2.0mm
  1
2355642
  1
Tag Label : Title Sheet - 2.5mm
  1
2355660
  1
Nested - Std North Point : A1
  1
2355663
  1
Text : Title Sheet - 7.5mm BOLD RED
  1
2355668
  1
Text : Title Sheet - 10.0mm BOLD RED
  1
2356527
  1
Raster image : kyogle-council-nsw-logo-2019.png
  0
DICTIONARY
  5
1A
330
19
100
AcDbDictionary
280
     1
281
     1
  3
BUMPTILE
360
1C
  3
DIFFUSETILE
360
1B
  3
OPACITYTILE
360
1F
  3
REFLECTIONTILE
360
1E
  3
REFRACTIONTILE
360
20
  3
SPECULARTILE
360
1D
  0
DICTIONARY
  5
12
330
11
100
AcDbDictionary
280
     1
281
     1
  3
BUMPTILE
360
14
  3
DIFFUSETILE
360
13
  3
OPACITYTILE
360
17
  3
REFLECTIONTILE
360
16
  3
REFRACTIONTILE
360
18
  3
SPECULARTILE
360
15
  0
DICTIONARY
  5
22
330
21
100
AcDbDictionary
280
     1
281
     1
  3
BUMPTILE
360
24
  3
DIFFUSETILE
360
23
  3
OPACITYTILE
360
27
  3
REFLECTIONTILE
360
26
  3
REFRACTIONTILE
360
28
  3
SPECULARTILE
360
25
  0
DICTIONARY
  5
1F7
330
65
100
AcDbDictionary
280
     1
281
     1
  3
ACAD_ROUNDTRIP_2008_TABLESTYLE_CELLSTYLEMAP
360
1F8
  0
XRECORD
  5
1C
102
{ACAD_REACTORS
330
1A
102
}
330
1A
100
AcDbXrecord
280
     1
270
     1
271
     1
  0
XRECORD
  5
1B
102
{ACAD_REACTORS
330
1A
102
}
330
1A
100
AcDbXrecord
280
     1
270
     1
271
     1
  0
XRECORD
  5
1F
102
{ACAD_REACTORS
330
1A
102
}
330
1A
100
AcDbXrecord
280
     1
270
     1
271
     1
  0
XRECORD
  5
1E
102
{ACAD_REACTORS
330
1A
102
}
330
1A
100
AcDbXrecord
280
     1
270
     1
271
     1
  0
XRECORD
  5
20
102
{ACAD_REACTORS
330
1A
102
}
330
1A
100
AcDbXrecord
280
     1
270
     1
271
     1
  0
XRECORD
  5
1D
102
{ACAD_REACTORS
330
1A
102
}
330
1A
100
AcDbXrecord
280
     1
270
     1
271
     1
  0
XRECORD
  5
14
102
{ACAD_REACTORS
330
12
102
}
330
12
100
AcDbXrecord
280
     1
270
     1
271
     1
  0
XRECORD
  5
13
102
{ACAD_REACTORS
330
12
102
}
330
12
100
AcDbXrecord
280
     1
270
     1
271
     1
  0
XRECORD
  5
17
102
{ACAD_REACTORS
330
12
102
}
330
12
100
AcDbXrecord
280
     1
270
     1
271
     1
  0
XRECORD
  5
16
102
{ACAD_REACTORS
330
12
102
}
330
12
100
AcDbXrecord
280
     1
270
     1
271
     1
  0
XRECORD
  5
18
102
{ACAD_REACTORS
330
12
102
}
330
12
100
AcDbXrecord
280
     1
270
     1
271
     1
  0
XRECORD
  5
15
102
{ACAD_REACTORS
330
12
102
}
330
12
100
AcDbXrecord
280
     1
270
     1
271
     1
  0
XRECORD
  5
24
102
{ACAD_REACTORS
330
22
102
}
330
22
100
AcDbXrecord
280
     1
270
     1
271
     1
  0
XRECORD
  5
23
102
{ACAD_REACTORS
330
22
102
}
330
22
100
AcDbXrecord
280
     1
270
     1
271
     1
  0
XRECORD
  5
27
102
{ACAD_REACTORS
330
22
102
}
330
22
100
AcDbXrecord
280
     1
270
     1
271
     1
  0
XRECORD
  5
26
102
{ACAD_REACTORS
330
22
102
}
330
22
100
AcDbXrecord
280
     1
270
     1
271
     1
  0
XRECORD
  5
28
102
{ACAD_REACTORS
330
22
102
}
330
22
100
AcDbXrecord
280
     1
270
     1
271
     1
  0
XRECORD
  5
25
102
{ACAD_REACTORS
330
22
102
}
330
22
100
AcDbXrecord
280
     1
270
     1
271
     1
  0
CELLSTYLEMAP
  5
1F8
102
{ACAD_REACTORS
330
1F7
102
}
330
1F7
100
AcDbCellStyleMap
 90
        3
300
CELLSTYLE
  1
TABLEFORMAT_BEGIN
 90
        5
170
     1
 91
        0
 92
    32768
 62
   257
 93
        1
300
CONTENTFORMAT
  1
CONTENTFORMAT_BEGIN
 90
        0
 91
        0
 92
      512
 93
        0
300

 40
0.0
140
1.0
 94
        5
 62
     0
340
55
144
0.25
309
CONTENTFORMAT_END
171
     0
 94
        0
309
TABLEFORMAT_END
  1
CELLSTYLE_BEGIN
 90
        1
 91
        1
300
_TITLE
309
CELLSTYLE_END
300
CELLSTYLE
  1
TABLEFORMAT_BEGIN
 90
        5
170
     1
 91
        0
 92
        0
 62
   257
 93
        1
300
CONTENTFORMAT
  1
CONTENTFORMAT_BEGIN
 90
        0
 91
        0
 92
      512
 93
        0
300

 40
0.0
140
1.0
 94
        5
 62
     0
340
55
144
0.18
309
CONTENTFORMAT_END
171
     0
 94
        0
309
TABLEFORMAT_END
  1
CELLSTYLE_BEGIN
 90
        2
 91
        1
300
_HEADER
309
CELLSTYLE_END
300
CELLSTYLE
  1
TABLEFORMAT_BEGIN
 90
        5
170
     1
 91
        0
 92
        0
 62
   257
 93
        1
300
CONTENTFORMAT
  1
CONTENTFORMAT_BEGIN
 90
        0
 91
        0
 92
      512
 93
        0
300

 40
0.0
140
1.0
 94
        2
 62
     0
340
55
144
0.18
309
CONTENTFORMAT_END
171
     0
 94
        0
309
TABLEFORMAT_END
  1
CELLSTYLE_BEGIN
 90
        3
 91
        2
300
_DATA
309
CELLSTYLE_END
  0
ENDSEC
  0
EOF
